"分期","朝代","政权","统治者谥号","统治者姓名","统治者在位时间","年号","起讫时间","使用年数","备注"
"汉朝","西汉","西汉","汉武帝","刘彻","前141年－前87年","建元","前140年－前135年","6年","用亥正。有学者说年号为后来追述，当时以一元纪年。"
"汉朝","西汉","西汉","汉武帝","刘彻","前141年－前87年","元光","前134年－前129年","6年","用亥正。有学者说年号为后来追述，当时以二元纪年。"
"汉朝","西汉","西汉","汉武帝","刘彻","前141年－前87年","元朔","前128年－前123年","6年","用亥正。有学者说年号为后来追述，当时以三元纪年。"
"汉朝","西汉","西汉","汉武帝","刘彻","前141年－前87年","元狩","前122年－前117年","6年","用亥正。有学者说年号为后来追述，当时以四元纪年。"
"汉朝","西汉","西汉","汉武帝","刘彻","前141年－前87年","元鼎","前116年－前111年","6年","用亥正。有学者说年号为后来追述，当时以五元纪年。"
"汉朝","西汉","西汉","汉武帝","刘彻","前141年－前87年","元封","前110年－前104年四月","7年","用亥正。第一个有诏书的年号。有学者说年号为后来追述，当时以六元纪年。"
"汉朝","西汉","西汉","汉武帝","刘彻","前141年－前87年","太初","前104年五月－前101年","4年",""
"汉朝","西汉","西汉","汉武帝","刘彻","前141年－前87年","天汉","前100年－前97年","4年",""
"汉朝","西汉","西汉","汉武帝","刘彻","前141年－前87年","太始","前96年－前93年","4年",""
"汉朝","西汉","西汉","汉武帝","刘彻","前141年－前87年","征和","前92年－前89年","4年","又作延和。"
"汉朝","西汉","西汉","汉武帝","刘彻","前141年－前87年","后元","前88年－前87年","2年","后元二年（前87年）二月汉昭帝即位沿用。有争议，有学者说可能不是年号。"
"汉朝","西汉","西汉","汉昭帝","刘弗陵","前87年－前74年","始元","前86年－前80年七月","7年",""
"汉朝","西汉","西汉","汉昭帝","刘弗陵","前87年－前74年","元凤","前80年八月－前75年","6年",""
"汉朝","西汉","西汉","汉昭帝","刘弗陵","前87年－前74年","元平","前74年","1年","元平元年（前74年）七月汉宣帝即位沿用。"
"汉朝","西汉","西汉","汉宣帝","刘询","前74年－前49年","本始","前73年－前70年","4年",""
"汉朝","西汉","西汉","汉宣帝","刘询","前74年－前49年","地节","前69年－前66年","4年",""
"汉朝","西汉","西汉","汉宣帝","刘询","前74年－前49年","元康","前65年－前61年二月","5年",""
"汉朝","西汉","西汉","汉宣帝","刘询","前74年－前49年","神爵","前61年三月－前58年","4年",""
"汉朝","西汉","西汉","汉宣帝","刘询","前74年－前49年","五凤","前57年－前54年","4年",""
"汉朝","西汉","西汉","汉宣帝","刘询","前74年－前49年","甘露","前53年－前50年","4年",""
"汉朝","西汉","西汉","汉宣帝","刘询","前74年－前49年","黄龙","前49年","1年","黄龙元年（前49年）十二月汉元帝即位沿用。"
"汉朝","西汉","西汉","汉元帝","刘奭","前48年－前33年","初元","前48年－前44年","5年",""
"汉朝","西汉","西汉","汉元帝","刘奭","前48年－前33年","永光","前43年－前39年","5年",""
"汉朝","西汉","西汉","汉元帝","刘奭","前48年－前33年","建昭","前38年－前34年","5年",""
"汉朝","西汉","西汉","汉元帝","刘奭","前48年－前33年","竟宁","前33年","1年","竟宁元年（前33年）六月汉成帝即位沿用。"
"汉朝","西汉","西汉","汉成帝","刘骜","前33年－前7年","建始","前32年－前28年二月","5年",""
"汉朝","西汉","西汉","汉成帝","刘骜","前33年－前7年","河平","前28年三月－前25年","4年",""
"汉朝","西汉","西汉","汉成帝","刘骜","前33年－前7年","阳朔","前24年－前21年","4年",""
"汉朝","西汉","西汉","汉成帝","刘骜","前33年－前7年","鸿嘉","前20年－前17年","4年",""
"汉朝","西汉","西汉","汉成帝","刘骜","前33年－前7年","永始","前16年－前13年","4年",""
"汉朝","西汉","西汉","汉成帝","刘骜","前33年－前7年","元延","前12年－前9年","4年",""
"汉朝","西汉","西汉","汉成帝","刘骜","前33年－前7年","绥和","前8年－前7年","2年","绥和二年（前7年）四月汉哀帝即位沿用。"
"汉朝","西汉","西汉","汉哀帝","刘欣","前7年－前1年","建平","前6年－前3年","4年","建平二年（前5年）六月改元太初元将元年（一作太初元年），八月复称建平。"
"汉朝","西汉","西汉","汉哀帝","刘欣","前7年－前1年","太初元将","前5年六月－八月","1年","建平二年（前5年）六月改元太初元将元年（一作太初元年），八月复称建平。"
"汉朝","西汉","西汉","汉哀帝","刘欣","前7年－前1年","元寿","前2年－前1年","2年","或作元受。元寿二年（前1年）九月汉平帝即位沿用。"
"汉朝","西汉","西汉","汉平帝","刘衎","前1年－5年","元始","1年－5年","5年",""
"汉朝","西汉","西汉","汉孺子","刘婴","6年－8年","居摄","6年－8年十一月","3年","王莽摄政，代行皇帝之权。"
"汉朝","西汉","西汉","汉孺子","刘婴","6年－8年","初始","8年十一月","1年","或作始初。"
"汉朝","新朝及更始","新朝","王莽","","9年－23年","始建国","9年－13年","5年","用丑正。或作建国。"
"汉朝","新朝及更始","新朝","王莽","","9年－23年","天凤","14年－19年","6年","用丑正。也作“始建国天凤上戊”、“始建国天凤”。"
"汉朝","新朝及更始","新朝","王莽","","9年－23年","地皇","20年－23年九月","4年","用丑正。也作“始建国地皇上戊”、“始建国地皇”。"
"汉朝","新朝及更始","更始","更始帝","刘玄","23年－25年","更始","23年二月－25年九月","3年","《越绝书·吴地传》署年到六年（28年）。"
"汉朝","新朝及更始","两汉之际其他势力","","隗嚣","","复汉","23年七月－十二月","1年","《后汉书·隗嚣传》作汉复，居延汉简作复汉，万斯同《历代纪元汇考》作朔宁。一作终于34年十月，但据居延汉简记述的纪年，复汉只有1年。"
"汉朝","新朝及更始","两汉之际其他势力","","公孙述","","龙兴","25年四月－36年十一月","12年",""
"汉朝","新朝及更始","两汉之际其他势力","","刘盆子","","建世","25年六月－27年闰正月","3年","一作建始。"
"汉朝","东汉","东汉","汉光武帝","刘秀","25年－57年","建武","25年六月－56年四月","32年",""
"汉朝","东汉","东汉","汉光武帝","刘秀","25年－57年","建武中元","56年四月－57年","2年","一作中元，《东观汉记》误作中平。建武中元二年（57年）二月汉明帝即位沿用。"
"汉朝","东汉","东汉","汉明帝","刘庄","57年－75年","永平","58年－75年","18年","永平十八年（75年）八月汉章帝即位沿用。"
"汉朝","东汉","东汉","汉章帝","刘炟","75年－88年","建初","76年－84年八月","9年",""
"汉朝","东汉","东汉","汉章帝","刘炟","75年－88年","元和","84年八月－87年七月","4年",""
"汉朝","东汉","东汉","汉章帝","刘炟","75年－88年","章和","87年七月－88年","2年","章和二年（88年）二月汉和帝即位沿用。"
"汉朝","东汉","东汉","汉和帝","刘肇","88年－105年","永元","89年－105年三月","17年",""
"汉朝","东汉","东汉","汉和帝","刘肇","88年－105年","元兴","105年四月－十二月","1年",""
"汉朝","东汉","东汉","汉殇帝","刘隆","106年","延平","106年","1年","延平元年（106年）八月汉安帝即位沿用。"
"汉朝","东汉","东汉","汉安帝","刘祜","106年－125年","永初","107年－113年","7年",""
"汉朝","东汉","东汉","汉安帝","刘祜","106年－125年","元初","114年正月－120年四月","7年",""
"汉朝","东汉","东汉","汉安帝","刘祜","106年－125年","永宁","120年四月－121年六月","2年",""
"汉朝","东汉","东汉","汉安帝","刘祜","106年－125年","建光","121年七月－122年三月","2年",""
"汉朝","东汉","东汉","汉安帝","刘祜","106年－125年","延光","122年三月－125年","4年","延光四年（125年）三月北乡侯刘懿即位沿用；同年十一月汉顺帝即位沿用。"
"汉朝","东汉","东汉","汉顺帝","刘保","125年－144年","永建","126年－132年三月","7年",""
"汉朝","东汉","东汉","汉顺帝","刘保","125年－144年","阳嘉","132年三月－135年","4年",""
"汉朝","东汉","东汉","汉顺帝","刘保","125年－144年","永和","136年正月－141年","6年",""
"汉朝","东汉","东汉","汉顺帝","刘保","125年－144年","汉安","142年正月－144年四月","3年",""
"汉朝","东汉","东汉","汉顺帝","刘保","125年－144年","建康","144年四月－十二月","1年","建康元年（144年）八月汉冲帝即位沿用。"
"汉朝","东汉","东汉","汉冲帝","刘炳","144年－145年","永嘉","145年","1年","或作永熹、永憙，袁宏《后汉纪》误作元嘉。清代以来学者多从“永憙”说，有人根据宋代文献及出土的金石铭文，认为作“永嘉”不误。永嘉元年（145年）正月汉质帝即位沿用。"
"汉朝","东汉","东汉","汉质帝","刘缵","145年－146年","本初","146年","1年","本初元年（146年）闰六月汉桓帝即位沿用。"
"汉朝","东汉","东汉","汉桓帝","刘志","147年－167年","建和","147年－149年","3年",""
"汉朝","东汉","东汉","汉桓帝","刘志","147年－167年","和平","150年","1年",""
"汉朝","东汉","东汉","汉桓帝","刘志","147年－167年","元嘉","151年正月－153年五月","3年",""
"汉朝","东汉","东汉","汉桓帝","刘志","147年－167年","永兴","153年五月－154年","2年",""
"汉朝","东汉","东汉","汉桓帝","刘志","147年－167年","永寿","155年正月－158年六月","4年",""
"汉朝","东汉","东汉","汉桓帝","刘志","147年－167年","延熹","158年六月－167年六月","10年",""
"汉朝","东汉","东汉","汉桓帝","刘志","147年－167年","永康","167年六月－十二月","1年",""
"汉朝","东汉","东汉","汉灵帝","刘宏","168年－189年","建宁","168年正月－172年五月","5年",""
"汉朝","东汉","东汉","汉灵帝","刘宏","168年－189年","熹平","172年五月－178年三月","7年",""
"汉朝","东汉","东汉","汉灵帝","刘宏","168年－189年","光和","178年三月－184年","7年",""
"汉朝","东汉","东汉","汉灵帝","刘宏","168年－189年","中平","184年十二月－189年三月","6年",""
"汉朝","东汉","东汉","汉少帝","刘辩","189年","光熹","189年四月－八月","1年",""
"汉朝","东汉","东汉","汉少帝","刘辩","189年","昭宁","189年八月－九月","1年",""
"汉朝","东汉","东汉","汉献帝","刘协","189年－220年","永汉","189年九月－十二月","1年",""
"汉朝","东汉","东汉","汉献帝","刘协","189年－220年","中平","189年十二月","－","永汉元年（189年）十二月，董卓以献帝名义下诏，废除光熹、昭宁、永汉三年号，复称中平六年。"
"汉朝","东汉","东汉","汉献帝","刘协","189年－220年","初平","190年－193年","4年",""
"汉朝","东汉","东汉","汉献帝","刘协","189年－220年","兴平","194年正月－195年","2年",""
"汉朝","东汉","东汉","汉献帝","刘协","189年－220年","建安","196年正月－220年二月","25年","刘备、孙权仍行汉建安年号。"
"汉朝","东汉","东汉","汉献帝","刘协","189年－220年","延康","220年三月－十月","1年",""
"汉朝","东汉","东汉时期建立的其他政权","","窦融","","元始","26年","1年","居延汉简有“汉元始廿六年”字样，是东汉初窦融在河西行用汉平帝元始年号。"
"汉朝","东汉","东汉时期建立的其他政权","","马勉","","？？","144年十一月－145年三月","2年","《后汉书》及《通鉴》记载建立年号，名称不明。"
"汉朝","东汉","东汉时期建立的其他政权","","张曼成","","神上","？","？","见于李兆洛《纪元编》。"
"汉朝","东汉","东汉时期建立的其他政权","","宋建","","？？","180年代末－214年十月","30余年","《三国志》及《通鉴》记载建立年号，名称不明。"
"三国","曹魏","曹魏","魏文帝","曹丕","220年－226年","黄初","220年十月－226年","7年","黄初七年（226年）五月魏明帝即位沿用。"
"三国","曹魏","曹魏","魏明帝","曹叡","226年－239年","太和","227年－233年正月","7年",""
"三国","曹魏","曹魏","魏明帝","曹叡","226年－239年","青龙","233年二月－237年三月","5年",""
"三国","曹魏","曹魏","魏明帝","曹叡","226年－239年","景初","237年四月－239年","3年","从元年起用丑正，改青龙四年三月为景初元年四月。景初三年（239年）正月齐王曹芳即位沿用。"
"三国","曹魏","曹魏","魏齐王","曹芳","239年－254年","正始","240年－249年四月","10年","复寅正。"
"三国","曹魏","曹魏","魏齐王","曹芳","239年－254年","嘉平","249年四月－254年十月","6年",""
"三国","曹魏","曹魏","魏高贵乡公","曹髦","254年－260年","正元","254年十月－256年五月","3年",""
"三国","曹魏","曹魏","魏高贵乡公","曹髦","254年－260年","甘露","256年六月－260年五月","5年",""
"三国","曹魏","曹魏","魏元帝","曹奂","260年－265年","景元","260年六月－264年五月","5年",""
"三国","曹魏","曹魏","魏元帝","曹奂","260年－265年","咸熙","264年五月－265年闰十一月","2年",""
"三国","曹魏","曹魏统治地区出现的其他割据势力","","公孙渊","","绍汉","237年七月－238年八月","2年",""
"三国","蜀汉","蜀汉","汉昭烈帝","刘备","221年－223年","章武","221年四月－223年四月","3年",""
"三国","蜀汉","蜀汉","汉后主","刘禅","223年－263年","建兴","223年五月－237年","15年",""
"三国","蜀汉","蜀汉","汉后主","刘禅","223年－263年","延熙","238年－257年","20年",""
"三国","蜀汉","蜀汉","汉后主","刘禅","223年－263年","景耀","258年－263年七月","6年",""
"三国","蜀汉","蜀汉","汉后主","刘禅","223年－263年","炎兴","263年八月－十一月","1年",""
"三国","孙吴","孙吴","吴大帝","孙权","222年－252年","黄武","222年十月－229年四月","8年",""
"三国","孙吴","孙吴","吴大帝","孙权","222年－252年","黄龙","229年四月－231年","3年",""
"三国","孙吴","孙吴","吴大帝","孙权","222年－252年","嘉禾","232年－238年八月","7年",""
"三国","孙吴","孙吴","吴大帝","孙权","222年－252年","赤乌","238年八月－251年四月","14年",""
"三国","孙吴","孙吴","吴大帝","孙权","222年－252年","太元","251年五月－252年正月","2年",""
"三国","孙吴","孙吴","吴大帝","孙权","222年－252年","神凤","252年二月－四月","1年",""
"三国","孙吴","孙吴","吴会稽王","孙亮","252年－258年","建兴","252年四月－253年","2年",""
"三国","孙吴","孙吴","吴会稽王","孙亮","252年－258年","五凤","254年－256年十月","3年",""
"三国","孙吴","孙吴","吴会稽王","孙亮","252年－258年","太平","256年十月－258年十月","3年",""
"三国","孙吴","孙吴","吴景帝","孙休","258年－264年","永安","258年十月－264年六月","7年",""
"三国","孙吴","孙吴","吴末帝","孙皓","264年－280年","元兴","264年七月－265年三月","2年",""
"三国","孙吴","孙吴","吴末帝","孙皓","264年－280年","甘露","265年四月－266年七月","2年",""
"三国","孙吴","孙吴","吴末帝","孙皓","264年－280年","宝鼎","266年八月－269年九月","4年",""
"三国","孙吴","孙吴","吴末帝","孙皓","264年－280年","建衡","269年十月－271年","3年",""
"三国","孙吴","孙吴","吴末帝","孙皓","264年－280年","凤凰","272年－274年","3年",""
"三国","孙吴","孙吴","吴末帝","孙皓","264年－280年","天册","275年－276年六月","2年","《吴志·陆胤传》作天策。"
"三国","孙吴","孙吴","吴末帝","孙皓","264年－280年","天玺","276年七月－十二月","1年",""
"三国","孙吴","孙吴","吴末帝","孙皓","264年－280年","天纪","277年－280年三月","4年",""
"晋朝","西晋","西晋","晋武帝","司马炎","265年－290年","泰始","265年十二月－274年","10年",""
"晋朝","西晋","西晋","晋武帝","司马炎","265年－290年","咸宁","275年－280年四月","6年",""
"晋朝","西晋","西晋","晋武帝","司马炎","265年－290年","太康","280年四月－289年","10年",""
"晋朝","西晋","西晋","晋武帝","司马炎","265年－290年","太熙","290年正月－四月","1年",""
"晋朝","西晋","西晋","晋惠帝","司马衷","290年－306年","永熙","290年四月－十二月","1年",""
"晋朝","西晋","西晋","晋惠帝","司马衷","290年－306年","永平","291年正月－三月","1年",""
"晋朝","西晋","西晋","晋惠帝","司马衷","290年－306年","元康","291年三月－299年","9年",""
"晋朝","西晋","西晋","晋惠帝","司马衷","290年－306年","永康","300年－301年四月","2年",""
"晋朝","西晋","西晋","晋惠帝","司马衷","290年－306年","永宁","301年四月－302年十一月","2年",""
"晋朝","西晋","西晋","晋惠帝","司马衷","290年－306年","太安","302年十二月－304年正月","3年","或作大安。"
"晋朝","西晋","西晋","晋惠帝","司马衷","290年－306年","永安","304年正月－十二月","1年","永安元年（304年）七月改元建武元年，同年十一月复称永安，次月又改元为永兴元年。"
"晋朝","西晋","西晋","晋惠帝","司马衷","290年－306年","建武","304年七月－十一月","1年","永安元年（304年）七月改元建武元年，同年十一月复称永安，次月又改元为永兴元年。"
"晋朝","西晋","西晋","晋惠帝","司马衷","290年－306年","永兴","304年十二月－306年六月","3年",""
"晋朝","西晋","西晋","晋惠帝","司马衷","290年－306年","光熙","306年六月－十二月","1年","光熙元年（306年）十一月晋怀帝即位沿用。"
"晋朝","西晋","西晋","晋怀帝","司马炽","306年－313年","永嘉","307年－313年四月","7年",""
"晋朝","西晋","西晋","晋愍帝","司马邺","313年－316年","建兴","313年四月－317年三月","5年","也有只记到晋愍帝投降前赵时的建兴四年。前凉沿用该年号。"
"晋朝","西晋","西晋统治地区出现过的其他","","赵𫷷","","太平","300年十二月－301年正月","2个月","《晋书·惠帝纪》：永康元年十二月“益州刺史赵𫷷与洛阳流人李庠……据成都反。”《资治通鉴》考异：“《晋春秋》云‘建号太平元年’。他书无之。”"
"晋朝","西晋","西晋统治地区出现过的其他","","司马伦","","建始","301年正月－四月","4个月","《晋书·惠帝纪》记载：永康二年正月赵王伦篡帝位。《赵王伦传》说篡帝位，大赦，改元建始。"
"晋朝","西晋","西晋统治地区出现过的其他","","刘尼、张昌","","神凤","303年五月－八月","4个月","《晋书·张昌传》记载，张昌以山东县吏丘沈为天子，更名为刘尼，称国号“汉”。建元神凤。"
"晋朝","东晋","东晋","晋元帝","司马睿","318年－322年","建武","317年三月－318年三月","2年",""
"晋朝","东晋","东晋","晋元帝","司马睿","318年－322年","大兴","318年三月－321年","4年","或作太兴。"
"晋朝","东晋","东晋","晋元帝","司马睿","318年－322年","永昌","322年－323年二月","2年","永昌元年（322年）闰十月晋明帝即位沿用。"
"晋朝","东晋","东晋","晋明帝","司马绍","322年－325年","太宁","323年三月－326年正月","4年","太宁三年（325年）闰八月晋成帝即位沿用。"
"晋朝","东晋","东晋","晋成帝","司马衍","325年－342年","咸和","326年二月－334年","9年",""
"晋朝","东晋","东晋","晋成帝","司马衍","325年－342年","咸康","335年－342年","8年","咸康八年（342年）六月晋康帝即位沿用。"
"晋朝","东晋","东晋","晋康帝","司马岳","342年－344年","建元","343年－344年","2年","建元二年（344年）九月晋穆帝即位沿用。"
"晋朝","东晋","东晋","晋穆帝","司马聃","344年－361年","永和","345年－356年","12年",""
"晋朝","东晋","东晋","晋穆帝","司马聃","344年－361年","升平","357年－361年","5年","升平五年（361年）五月晋哀帝即位沿用。前凉沿用该年号。"
"晋朝","东晋","东晋","晋哀帝","司马丕","361年－365年","隆和","362年正月－363年二月","2年","或作崇和。"
"晋朝","东晋","东晋","晋哀帝","司马丕","361年－365年","兴宁","363年二月－365年","3年","兴宁三年（365年）二月晋废帝即位沿用。"
"晋朝","东晋","东晋","晋废帝","司马奕","365年－371年","太和","366年－371年十一月","6年",""
"晋朝","东晋","东晋","晋简文帝","司马昱","371年－372年","咸安","371年十一月－372年","2年","咸安二年（372年）七月晋孝武帝即位沿用。前凉沿用该年号。"
"晋朝","东晋","东晋","晋孝武帝","司马曜","372年－396年","宁康","373年－375年","3年","《魏书》错写作康宁。"
"晋朝","东晋","东晋","晋孝武帝","司马曜","372年－396年","太元","376年－396年","21年","太元二十一年（396年）九月晋安帝即位沿用。"
"晋朝","东晋","东晋","晋安帝","司马德宗","397年－418年","隆安","397年－401年","5年","王应麟《玉海》作崇安。"
"晋朝","东晋","东晋","晋安帝","司马德宗","397年－418年","元兴","402年－404年","3年","胡三省注《资治通鉴》：元年三月，元显败，复隆安年号。桓玄寻改曰大亨。玄篡，又改曰永始。"
"晋朝","东晋","东晋","晋安帝","司马德宗","397年－418年","大亨","402年三月－十二月","1年","《小爨碑》署年“大亨四年”（405年），当时的宁州地处边远，不知东晋年号更迭，故仍用大亨年号。"
"晋朝","东晋","东晋","晋安帝","司马德宗","397年－418年","义熙","405年正月－418年","14年","403年－404年桓玄篡位。杨盛仍行晋义熙年号。"
"晋朝","东晋","东晋","晋恭帝","司马德文","419年－420年","元熙","419年－420年六月","2年",""
"晋朝","东晋","东晋统治地区出现的其他","","司马保","","建康","319年四月－320年五月","2年",""
"晋朝","东晋","东晋统治地区出现的其他","","李金银、李弘","","凤凰","370年八月－九月","2个月","《晋书·废帝纪》作九月反；《资治通鉴》作八月反，九月平。"
"晋朝","东晋","东晋统治地区出现的其他","","桓玄","","永始","403年十二月－404年五月","2年","《晋书·五行志》记载初作建始。"
"晋朝","东晋","东晋统治地区出现的其他","","桓谦","","天康","404年－405年二月","2年","或作天安。"
"十六国","汉赵","汉赵","汉光文帝","刘渊","304年－310年","元熙","304年十月－308年九月","5年",""
"十六国","汉赵","汉赵","汉光文帝","刘渊","304年－310年","永凤","308年十月－309年四月","2年",""
"十六国","汉赵","汉赵","汉光文帝","刘渊","304年－310年","河瑞","309年五月－310年六月","2年",""
"十六国","汉赵","汉赵","汉昭武帝","刘聪","310年－318年","光兴","310年七月－311年五月","2年",""
"十六国","汉赵","汉赵","汉昭武帝","刘聪","310年－318年","嘉平","311年六月－315年二月","5年",""
"十六国","汉赵","汉赵","汉昭武帝","刘聪","310年－318年","建元","315年三月－316年十月","2年",""
"十六国","汉赵","汉赵","汉昭武帝","刘聪","310年－318年","麟嘉","316年十一月－318年六月","3年",""
"十六国","汉赵","汉赵","汉隐帝","刘粲","318年","汉昌","318年七月－九月","1年",""
"十六国","汉赵","汉赵","赵秦王","刘曜","318年－328年","光初","318年十月－329年八月","12年","或作佐初。"
"十六国","汉赵","汉赵","赵秦王","刘曜","318年－328年","太和","？","？","见于《魏书》，锺渊映《历代建元考》认为是石勒的太和年号之误。"
"十六国","汉赵","前赵统治地区出现的其他势力","","句渠知","","平赵","320年六月","1个月",""
"十六国","成汉","成汉","李特","","303年","建初","303年－304年九月","2年","建初元年（303年）二月李流即位沿用。"
"十六国","成汉","成汉","成武帝","李雄","304年－334年","建兴","304年十月－306年六月","3年",""
"十六国","成汉","成汉","成武帝","李雄","304年－334年","晏平","306年六月－310年","5年","或作宣平。"
"十六国","成汉","成汉","成武帝","李雄","304年－334年","玉衡","311年－334年","24年","玉衡二十四年（334年）六月李班即位沿用，十月李期即位沿用。"
"十六国","成汉","成汉","成武帝","李雄","304年－334年","大武","？","？","一般认为大武年号并不存在。《晋载记》中称“改元大武”，乃是该书转写《三十国春秋》误写“改年大成”所致。“改年大成”又是因为成汉国号“大成”，《魏书》称“雄称帝，号大成，改元晏平”之误。"
"十六国","成汉","成汉","成幽公","李期","334年－338年","玉恒","335年－338年三月","4年","《历代建元考》认为《华阳国志》没有玉衡，只有玉恒，可能是玉衡是李期所改，李雄并没有改元玉衡，而记载错误，误以为是李雄年号；也有可能是李期没有改元，而是沿用李雄年号。但是这两个年号无从考质。"
"十六国","成汉","成汉","汉昭文帝","李寿","338年－343年","汉兴","338年四月－343年","6年","汉兴六年（343年）八月李势即位沿用。"
"十六国","成汉","成汉","汉归义侯","李势","343年－347年","太和","344年－346年九月","3年",""
"十六国","成汉","成汉","汉归义侯","李势","343年－347年","嘉宁","346年十月－347年三月","2年",""
"十六国","前凉","前凉","西平明公","张寔","314年－320年","建兴","317年－320年五月","4年","用西晋建兴年号（五年－八年）。一作永安。"
"十六国","前凉","前凉","西平成公","张茂","320年－324年","建兴","320年六月－324年四月","5年","用西晋建兴年号（八年－十二年）。一作永元。"
"十六国","前凉","前凉","西平文公","张骏","324年－346年","建兴","324年五月－346年四月","23年","用西晋建兴年号（十二年－三十四年）。一作太元。"
"十六国","前凉","前凉","西平桓公","张重华","346年－353年","建兴","346年五月－353年","8年","用西晋建兴年号（三十四年－四十一年）。一作永乐。"
"十六国","前凉","前凉","凉威王","张祚","353年－355年","和平","354年－355年九月","2年",""
"十六国","前凉","前凉","西平冲公","张玄靓","355年－363年","建兴","355年闰九月－361年十一月","6年","用西晋建兴年号（四十三年－四十九年）。"
"十六国","前凉","前凉","西平冲公","张玄靓","355年－363年","升平","361年十二月－363年七月","3年","用东晋升平年号（五年－七年）。一作太始。"
"十六国","前凉","前凉","西平悼公","张天锡","363年－376年","升平","363年八月－371年","9年","用东晋升平年号（七年－十五年）。一作太清。"
"十六国","前凉","前凉","西平悼公","张天锡","363年－376年","咸安","372年－376年八月","5年","用东晋咸安年号（二年－六年）。侯灿据敦煌佛爷庙古墓出土一件陶钵，上有文字云“咸安五年十月癸酉朔”字样，认为张天锡曾奉行过东晋简文帝的年号，自二年起，六年八月为止。"
"十六国","前凉","前凉统治地区出现的其他势力","","张大豫","","凤凰","386年二月－287年七月","2年",""
"十六国","后赵","后赵","赵明帝","石勒","319年－333年","太和","328年二月－330年八月","3年",""
"十六国","后赵","后赵","赵明帝","石勒","319年－333年","建平","330年九月－333年","4年","建平四年（333年）七月石弘即位沿用。"
"十六国","后赵","后赵","赵海阳王","石弘","333年－334年","延熙","334年","1年","延熙元年（334年）十一月石虎即位沿用。"
"十六国","后赵","后赵","赵武帝","石虎","334年－349年","建武","335年－348年","14年",""
"十六国","后赵","后赵","赵武帝","石虎","334年－349年","太宁","349年","1年","或作泰宁。太宁元年（349年）四月石世即位沿用；五月石遵即位沿用，十一月石鉴即位沿用。"
"十六国","后赵","后赵","赵武帝","石虎","334年－349年","永熙","？","？","《资治通鉴考异》：“《三十国春秋》‘虎即位，改元永熙’；《大统历》云‘石虎即位，改建平五年为延兴，明年改建武。’”而《三十国春秋》并没有记载石弘改元延熙，故《通鉴考异》认为“误云”。“弘既号延熙，虎安肯称永熙？”"
"十六国","后赵","后赵","赵武帝","石虎","334年－349年","延兴","？","？","《通鉴考异》：“陈鸿云虎改建平五年为延兴，即是弘逾年不改元，恐鸿说误。”"
"十六国","后赵","后赵","赵义阳王","石鉴","349年－350年","青龙","350年正月－闰二月","1年","传统史书以冉闵杀石鉴、建国大魏，作为后赵的终止。"
"十六国","后赵","","魏武悼天王","冉闵","350年－352年","永兴","350年闰二月－352年四月","3年",""
"十六国","后赵","后赵统治地区出现的其他势力","","侯子光","","龙兴","337年七月","1个月",""
"十六国","后赵","后赵统治地区出现的其他势力","","石祗","","永宁","350年三月－351年四月","2年",""
"十六国","代","代","拓跋什翼犍","","338年－376年","建国","338年十一月－376年","39年",""
"十六国","前燕","前燕","燕文明帝","慕容皝","337年－348年","燕元","？","？","据陶栋《历代建元考》，慕容皝从晋穆帝永和元年（345年）起改元燕元，历4年。《晋书》和《资治通鉴》都称慕容皝以古代诸侯即位，只称元年，故不用年号。或疑为附会后燕慕容垂的燕元年号。"
"十六国","前燕","前燕","燕景昭帝","慕容儁","348年－360年","燕元","？","？","据陶栋《历代建元考》，慕容儁从晋穆帝永和五年（349年）起改元燕元，历3年。《晋书》记载慕容儁依古代诸侯即位例，只称元年，不用年号。陶说无据。"
"十六国","前燕","前燕","燕景昭帝","慕容儁","348年－360年","元玺","352年十一月－357年正月","6年",""
"十六国","前燕","前燕","燕景昭帝","慕容儁","348年－360年","光寿","357年二月－360年正月","4年",""
"十六国","前燕","前燕","燕幽帝","慕容𬀩","360年－370年","建熙","360年正月－370年十一月","11年",""
"十六国","前秦","前秦","秦景明帝","苻健","351年－355年","皇始","351年－355年五月","5年",""
"十六国","前秦","前秦","秦厉王","苻生","355年－357年","寿光","355年六月－357年五月","3年",""
"十六国","前秦","前秦","秦宣昭帝","苻坚","357年－385年","永兴","357年六月－359年五月","3年",""
"十六国","前秦","前秦","秦宣昭帝","苻坚","357年－385年","甘露","359年六月－364年","6年",""
"十六国","前秦","前秦","秦宣昭帝","苻坚","357年－385年","建元","365年－385年七月","21年","吕光仍行前秦建元年号。"
"十六国","前秦","前秦","秦哀平帝","苻丕","385年－386年","太安","385年八月－386年十月","2年",""
"十六国","前秦","前秦","秦高帝","苻登","386年－394年","太初","386年十一月－394年六月","9年",""
"十六国","前秦","前秦","秦后主","苻崇","394年","延初","394年七月－十月","1年",""
"十六国","前秦","前秦统治地区其他势力","","张琚","","建昌","352年正月－五月","5个月",""
"十六国","前秦","前秦统治地区其他势力","","张育","","黑龙","374年六月－九月","4个月",""
"十六国","前秦","前秦统治地区其他势力","","窦冲","","元光","393年六月－394年七月","2年",""
"十六国","后秦","后秦","秦武昭帝","姚苌","384年－394年","白雀","384年四月－386年四月","3年",""
"十六国","后秦","后秦","秦武昭帝","姚苌","384年－394年","建初","386年五月－394年四月","9年",""
"十六国","后秦","后秦","秦文桓帝","姚兴","394年－416年","皇初","394年五月－399年九月","6年",""
"十六国","后秦","后秦","秦文桓帝","姚兴","394年－416年","弘始","399年九月－416年正月","18年","或作洪始。"
"十六国","后秦","后秦","秦后主","姚泓","416年－417年","永和","416年二月－417年八月","2年",""
"十六国","后燕","后燕","燕成武帝","慕容垂","384年－396年","燕元","384年正月－386年二月","3年","《通鉴·晋纪二十七》记载慕容垂仿春秋列国国君纪年，称元年。"
"十六国","后燕","后燕","燕成武帝","慕容垂","384年－396年","建兴","386年二月－396年四月","11年",""
"十六国","后燕","后燕","燕惠愍帝","慕容宝","396年－398年","永康","396年四月－398年四月","3年",""
"十六国","后燕","后燕","燕昭武帝","慕容盛","398年－401年","建平","398年十月－十二月","1年",""
"十六国","后燕","后燕","燕昭武帝","慕容盛","398年－401年","长乐","399年正月－401年七月","3年",""
"十六国","后燕","后燕","燕昭文帝","慕容熙","401年－407年","光始","401年八月－406年十二月","6年",""
"十六国","后燕","后燕","燕昭文帝","慕容熙","401年－407年","建始","407年正月－七月","1年",""
"十六国","后燕","后燕统治地区其他势力","","翟辽","","建光","388年二月－391年十月","4年",""
"十六国","后燕","后燕统治地区其他势力","","翟钊","","定鼎","391年十月－392年六月","2年","亦作神鼎。"
"十六国","后燕","后燕统治地区其他势力","","慕容详","","建始","397年五月－七月","3个月",""
"十六国","后燕","后燕统治地区其他势力","","慕容麟","","延平","397年七月－十月","3个月","或作建平。陶栋《历代建元考》误将慕容盛建平年号为慕容麟年号。"
"十六国","后燕","后燕统治地区其他势力","","兰汗","","青龙","398年四月－七月","4个月",""
"十六国","西燕","西燕","","","","燕兴","384年四月－十二月","1年",""
"十六国","西燕","西燕","燕威帝","慕容冲","385年－386年","更始","385年正月－386年二月","2年",""
"十六国","西燕","西燕","段随","","386年","昌平","386年二月－三月","1年",""
"十六国","西燕","西燕","慕容𫖮","","386年","建明","386年三月","1年",""
"十六国","西燕","西燕","慕容瑶","","386年","建平","386年三月","1年",""
"十六国","西燕","西燕","慕容忠","","386年","建武","386年三月－九月","1年",""
"十六国","西燕","西燕","慕容永","","386年－394年","中兴","386年十月－394年八月","9年",""
"十六国","西秦","西秦","秦宣烈王","乞伏国仁","385年－388年","建义","385年九月－388年六月","4年",""
"十六国","西秦","西秦","秦武元王","乞伏乾归","388年－400年","太初","388年六月－400年七月","13年",""
"十六国","西秦","西秦","秦武元王","乞伏乾归","388年－400年","更始","409年七月－412年八月","4年","400年七月降于南凉，八月又降于后秦，409年复国。"
"十六国","西秦","西秦","秦文昭王","乞伏炽磐","412年－428年","永康","412年八月－419年","8年",""
"十六国","西秦","西秦","秦文昭王","乞伏炽磐","412年－428年","建弘","420年－428年五月","9年",""
"十六国","西秦","西秦","秦后主","乞伏暮末","428年－431年","永弘","428年五月－431年正月","4年",""
"十六国","后凉","后凉","凉懿武帝","吕光","386年－399年","太安","386年十月－389年正月","4年","或作大安，《十六国春秋·后凉录》误作太平。一说奉前秦苻丕年号。"
"十六国","后凉","后凉","凉懿武帝","吕光","386年－399年","麟嘉","389年二月－396年六月","8年",""
"十六国","后凉","后凉","凉懿武帝","吕光","386年－399年","龙飞","396年六月－399年","4年",""
"十六国","后凉","后凉","凉懿武帝","吕光","386年－399年","承康","？","？","诸史不载。《太平广记》引《述异记》谓“吕光承康二年……其年光死，子绍代立”。鲁迅的《古小说钩沉》根据《开元占经》引祖冲之《述异记》谓“永康二年”。根据各种书籍记载，吕光死于龙飞四年十二月（399年），同月吕纂即天王位，改元咸宁。由于根据《太平广记》引《述异记》，承康二年年号出现于吕光逝世当年，即龙飞四年。而各种书籍并无记载龙飞四年有承康二年，因此吕光在位时期应该无“永康二年”。后燕慕容宝、西秦乞伏炽磐均有永康年号，但时间上不合。"
"十六国","后凉","后凉","凉隐王","吕绍","399年","皇始","？","？","丘文学《历朝纪元录》称吕绍改元皇始，不详何出。"
"十六国","后凉","后凉","凉灵帝","吕纂","399年－401年","咸宁","399年十二月－401年正月","3年",""
"十六国","后凉","后凉","凉后主","吕隆","401年－403年","神鼎","401年二月－403年八月","3年",""
"十六国","南凉","南凉","凉武王","秃发乌孤","397年－399年","太初","397年－399年","3年",""
"十六国","南凉","南凉","凉康王","秃发利鹿孤","399年－402年","建和","400年－402年三月","3年",""
"十六国","南凉","南凉","凉景王","秃发傉檀","402年－414年","弘昌","402年三月－404年二月","3年","或作宏昌。"
"十六国","南凉","南凉","凉景王","秃发傉檀","402年－414年","嘉平","408年十一月－414年七月","7年","404年二月去年号。408年十一月复称凉王。"
"十六国","南燕","南燕","燕献武帝","慕容德","398年－405年","燕平","？","？","诸书只言慕容德依燕元故事例，称元年。该年号只见于《纪元编》，从晋隆安二年（398年）改元，历2年，所据不详。"
"十六国","南燕","南燕","燕献武帝","慕容德","398年－405年","建平","400年八月－405年十一月","6年","《南燕录》记载八月改元，《通鉴》系于年末。"
"十六国","南燕","南燕","燕末主","慕容超","405年－410年","太上","405年十一月－410年二月","6年","《南燕录》记十一月改元，《通鉴》作九月。"
"十六国","南燕","南燕统治地区其他势力","","王始","","太平","403年四月","1个月","《资治通鉴·晋安帝元兴二年》谓泰山贼王王始率领部下数万人，自称太平皇帝，任命官员。南燕贵族、桂林王慕容镇打败并逮捕他。《通鉴》和《晋书·慕容德载记》均未有记载年号。《纪元编》谓王始的年号为太平，未详何时。"
"十六国","西凉","西凉","凉武昭王","李暠","400年－417年","庚子","400年十一月－404年","5年",""
"十六国","西凉","西凉","凉武昭王","李暠","400年－417年","建初","405年－417年二月","13年",""
"十六国","西凉","西凉","凉后主","李歆","417年－420年","嘉兴","417年二月－420年七月","4年",""
"十六国","西凉","西凉","凉冠军侯","李恂","420年－421年","永建","420年十月－421年三月","2年",""
"十六国","西凉","西凉统治地区其他势力","","李宝","","龙兴","423年－442年","20年","诸史不载。吐鲁番出土衣物疏有“龙兴□年”字样，有学者认为是李宝在伊吾使用的年号。一说是阚爽自署高昌太守时自建的年号。"
"十六国","夏","夏","夏武烈帝","赫连勃勃","407年－425年","龙昇","407年六月－413年二月","7年",""
"十六国","夏","夏","夏武烈帝","赫连勃勃","407年－425年","凤翔","413年三月－418年十月","6年",""
"十六国","夏","夏","夏武烈帝","赫连勃勃","407年－425年","昌武","418年十一月－419年正月","2年",""
"十六国","夏","夏","夏武烈帝","赫连勃勃","407年－425年","真兴","419年二月－425年七月","7年",""
"十六国","夏","夏","夏废主","赫连昌","425年－428年","承光","425年八月－428年二月","4年","或作承阳、永光。"
"十六国","夏","夏","夏后主","赫连定","428年－431年","胜光","428年二月－431年六月","4年",""
"十六国","北燕","北燕","燕惠懿帝","高云","407年－409年","正始","407年七月－409年十月","3年",""
"十六国","北燕","北燕","燕文成帝","冯跋","409年－430年","太平","409年十月－430年","22年","太平二十二年（430年）九月冯弘即位沿用。"
"十六国","北燕","北燕","燕昭成帝","冯弘","430年－436年","太兴","431年－436年五月","6年",""
"十六国","北凉","北凉","建康公","段业","397年－399年","神玺","397年五月－399年正月","3年",""
"十六国","北凉","北凉","建康公","段业","397年－399年","天玺","399年二月－401年五月","3年","或作六玺。"
"十六国","北凉","北凉","凉武宣王","沮渠蒙逊","401年－433年","永安","401年六月－412年十月","12年",""
"十六国","北凉","北凉","凉武宣王","沮渠蒙逊","401年－433年","玄始","412年十一月－427年","16年","或作元始。"
"十六国","北凉","北凉","凉武宣王","沮渠蒙逊","401年－433年","真兴","？","？","根据《吐鲁番文书》中自北凉玄始十三年起出现相当于十三、十四年的夏国真兴六、七年（424年至425年）年号，已经被认为是沮渠氏北凉在玄始十三年（424年）奉夏正朔的结果。"
"十六国","北凉","北凉","凉武宣王","沮渠蒙逊","401年－433年","承阳","？","？","诸史不载。甘肃酒泉文殊山出土的马德惠塔有“承阳二年岁在寅鹑火十月五日”字样。有学者考订应为夏承光年号在北凉用“阳”代替“光”之故。"
"十六国","北凉","北凉","凉武宣王","沮渠蒙逊","401年－433年","承玄","428年－430年","3年","甘肃出土的造经塔残石有与史书记载不同的“承玄二年岁在戊辰”字样"
"十六国","北凉","北凉","凉武宣王","沮渠蒙逊","401年－433年","义和","431年－433年四月","3年",""
"十六国","北凉","北凉","凉武宣王","沮渠蒙逊","401年－433年","缘禾","？","？","诸史不载，见于吐鲁番出土文物。争议颇多，或谓北魏延和年号改写。"
"十六国","北凉","北凉","凉哀王","沮渠牧犍","433年－439年","承和","433年四月－437年","5年","或作永和。"
"十六国","北凉","北凉","凉哀王","沮渠牧犍","433年－439年","太缘","？","？","诸史不载，见于吐鲁番出土文物。或谓北魏太延年号改写。"
"十六国","北凉","北凉","凉哀王","沮渠牧犍","433年－439年","建平","437年四月后－439年九月","3年","诸史不载，见于吐鲁番出土文物。考古发现有建平纪年文书，从五年七月到六年九月，但是没有干支纪年，有学者考证改元在437年。建平三年（439年）九月北魏攻陷凉都姑臧，沮渠牧犍投降，沮渠无讳继续使用到七年（443年）。"
"十六国","北凉","北凉统治地区其他势力","","沮渠无讳","","承平","443年－460年","18年","诸史不载，见于吐鲁番出土文物。承平二年（444年）六月沮渠安周即位沿用。"
"南北朝","宋","宋","宋武帝","刘裕","420年－422年","永初","420年六月－422年","3年","永初三年（422年）五月宋少帝即位沿用。"
"南北朝","宋","宋","宋少帝","刘义符","422年－424年","景平","423年－424年八月","2年",""
"南北朝","宋","宋","宋文帝","刘义隆","424年－453年","元嘉","424年八月－453年","30年","元嘉三十年（453年）四月宋孝武帝即位沿用。"
"南北朝","宋","宋","宋孝武帝","刘骏","453年－464年","孝建","454年－456年","3年",""
"南北朝","宋","宋","宋孝武帝","刘骏","453年－464年","大明","457年－464年","8年","大明八年（464年）闰五月宋前废帝即位沿用。"
"南北朝","宋","宋","宋前废帝","刘子业","464年－465年","永光","465年正月－八月","1年",""
"南北朝","宋","宋","宋前废帝","刘子业","464年－465年","景和","465年八月－十一月","1年",""
"南北朝","宋","宋","宋明帝","刘彧","465年－472年","泰始","465年十二月－471年","7年",""
"南北朝","宋","宋","宋明帝","刘彧","465年－472年","泰豫","472年","1年","泰豫元年（472年）四月宋后废帝即位沿用。"
"南北朝","宋","宋","宋后废帝","刘昱","472年－477年","元徽","473年－477年七月","5年",""
"南北朝","宋","宋","宋顺帝","刘准","477年－479年","昇明","477年七月－479年四月","3年",""
"南北朝","宋","刘宋统治地区其他势力","","程道养","","泰始","432年－437年四月","6年",""
"南北朝","宋","刘宋统治地区其他势力","","杨难当","","建义","436年三月－442年闰五月","7年",""
"南北朝","宋","刘宋统治地区其他势力","","刘劭","","太初","453年二月－五月","4个月",""
"南北朝","宋","刘宋统治地区其他势力","","鲁爽","","建平","454年二月－六月","4个月","《宋书》为鲁爽年号，《纪元编》误为刘义宣年号。"
"南北朝","宋","刘宋统治地区其他势力","","刘浑","","永光","455年七月","1个月","或作元光、允光。"
"南北朝","宋","刘宋统治地区其他势力","","刘子勋","","义嘉","466年正月－八月","8个月",""
"南北朝","宋","刘宋统治地区其他势力","","？","","开明","？","？","见《大泉寺新三门记》。刘宋并无该年号。"
"南北朝","齐","齐","齐高帝","萧道成","479年－482年","建元","479年四月－482年","4年","建元四年（482年）三月齐武帝即位沿用。"
"南北朝","齐","齐","齐武帝","萧赜","482年－493年","永明","483年－493年","11年","永明十一年（493年）七月齐郁林王即位沿用。"
"南北朝","齐","齐","齐郁林王","萧昭业","493年－494年","隆昌","494年正月－七月","1年",""
"南北朝","齐","齐","齐海陵王","萧昭文","494年","延兴","494年七月－十月","1年",""
"南北朝","齐","齐","齐明帝","萧鸾","494年－498年","建武","494年十月－498年四月","5年",""
"南北朝","齐","齐","齐明帝","萧鸾","494年－498年","永泰","498年四月－十二月","1年","永泰元年（498年）七月齐东昏侯即位沿用。"
"南北朝","齐","齐","齐东昏侯","萧宝卷","498年－501年","永元","499年－501年","3年","永元三年（501年）三月齐和帝即位改元，十二月萧衍克建康，俘萧宝卷。"
"南北朝","齐","齐","齐和帝","萧宝融","501年－502年","中兴","501年三月－502年三月","2年",""
"南北朝","齐","南齐统治地区其他势力","","唐㝢之","","兴平","486年正月","1个月",""
"南北朝","齐","南齐统治地区其他势力","","雍道晞","","建义","500年二月－三月","2个月",""
"南北朝","梁","梁","梁武帝","萧衍","502年－549年","天监","502年四月－519年","18年",""
"南北朝","梁","梁","梁武帝","萧衍","502年－549年","普通","520年－527年三月","8年",""
"南北朝","梁","梁","梁武帝","萧衍","502年－549年","大通","527年三月－529年九月","3年",""
"南北朝","梁","梁","梁武帝","萧衍","502年－549年","中大通","529年十月－534年","6年",""
"南北朝","梁","梁","梁武帝","萧衍","502年－549年","大同","535年－546年四月","12年",""
"南北朝","梁","梁","梁武帝","萧衍","502年－549年","中大同","546年四月－547年四月","2年",""
"南北朝","梁","梁","梁武帝","萧衍","502年－549年","太清","547年四月－549年","3年","太清三年（549年）五月梁简文帝即位沿用，萧纪沿用至六年（552年）四月，萧绎沿用至六年（552年）十一月。"
"南北朝","梁","梁","梁简文帝","萧纲","549年－551年","大宝","550年－551年","2年",""
"南北朝","梁","梁","梁豫章王","萧栋","551年","天正","551年八月－十一月","1年",""
"南北朝","梁","梁","梁元帝","萧绎","552年－554年","承圣","552年十一月－555年四月","4年",""
"南北朝","梁","梁","梁贞阳侯","萧渊明","555年","天成","555年五月－十月","1年",""
"南北朝","梁","梁","梁敬帝","萧方智","555年－557年","绍泰","555年十月－556年八月","2年",""
"南北朝","梁","梁","梁敬帝","萧方智","555年－557年","太平","556年九月－557年十月","2年",""
"南北朝","梁","南梁统治地区其他势力","","鲜于琛","","上愿","535年","1年",""
"南北朝","梁","南梁统治地区其他势力","","刘敬躬","","永汉","542年正月－二月","2个月",""
"南北朝","梁","南梁统治地区其他势力","","李贲","","天德","544年正月－548年三月","5年","越南前李朝，又作大德。"
"南北朝","梁","南梁统治地区其他势力","","萧正德","","正平","548年十一月－549年六月","2年",""
"南北朝","梁","南梁统治地区其他势力","","侯景","","太始","551年十一月－552年三月","2年","国号汉。"
"南北朝","梁","南梁统治地区其他势力","","萧纪","","天正","552年四月－553年七月","2年",""
"南北朝","梁","南梁统治地区其他势力","","萧庄","","天启","558年三月－560年二月","3年",""
"南北朝","梁","西梁","梁宣帝","萧詧","555年－562年","大定","555年－562年正月","8年",""
"南北朝","梁","西梁","梁明帝","萧岿","562年－585年","天保","562年二月－585年","24年","天保二十四年（585年）五月梁后主即位沿用。"
"南北朝","梁","西梁","梁后主","萧琮","585年－587年","广运","586年－587年九月","2年",""
"南北朝","陈","陈","陈武帝","陈霸先","557年－559年","永定","557年十月－559年","3年","永定三年（559年）六月陈文帝即位沿用。"
"南北朝","陈","陈","陈文帝","陈蒨","559年－566年","天嘉","560年正月－566年二月","7年",""
"南北朝","陈","陈","陈文帝","陈蒨","559年－566年","天康","566年二月－十二月","1年","天康元年（566年）四月陈废帝即位沿用。"
"南北朝","陈","陈","陈废帝","陈伯宗","566年－568年","光大","567年－568年","2年",""
"南北朝","陈","陈","陈宣帝","陈顼","568年－582年","太建","569年正月－582年","14年","太建十四年（582年）正月陈后主即位沿用。"
"南北朝","陈","陈","陈后主","陈叔宝","582年－589年","至德","583年正月－586年","4年",""
"南北朝","陈","陈","陈后主","陈叔宝","582年－589年","祯明","587年正月－589年正月","3年",""
"南北朝","北魏","北魏","魏道武帝","拓跋珪","386年－409年","登国","386年－396年六月","11年",""
"南北朝","北魏","北魏","魏道武帝","拓跋珪","386年－409年","皇始","396年七月－398年","3年",""
"南北朝","北魏","北魏","魏道武帝","拓跋珪","386年－409年","天兴","398年十二月－404年十月","7年",""
"南北朝","北魏","北魏","魏道武帝","拓跋珪","386年－409年","天赐","404年十月－409年十月","6年",""
"南北朝","北魏","北魏","魏明元帝","拓跋嗣","409年－423年","永兴","409年闰十月－413年","5年",""
"南北朝","北魏","北魏","魏明元帝","拓跋嗣","409年－423年","神瑞","414年－416年四月","3年",""
"南北朝","北魏","北魏","魏明元帝","拓跋嗣","409年－423年","泰常","416年四月－423年","8年","泰常八年（423年）十一月魏太武帝即位沿用。"
"南北朝","北魏","北魏","魏太武帝","拓跋焘","423年－ 452年","始光","424年－428年正月","5年",""
"南北朝","北魏","北魏","魏太武帝","拓跋焘","423年－ 452年","神䴥","428年二月－431年","4年",""
"南北朝","北魏","北魏","魏太武帝","拓跋焘","423年－ 452年","延和","432年－435年正月","4年",""
"南北朝","北魏","北魏","魏太武帝","拓跋焘","423年－ 452年","太延","435年正月－440年六月","6年",""
"南北朝","北魏","北魏","魏太武帝","拓跋焘","423年－ 452年","太平真君","440年六月－451年六月","12年",""
"南北朝","北魏","北魏","魏太武帝","拓跋焘","423年－ 452年","正平","451年六月－452年二月","2年",""
"南北朝","北魏","北魏","魏南安王","拓跋余","452年","承平","452年二月－十月","1年","或误作永平。"
"南北朝","北魏","北魏","魏文成帝","拓跋濬","452年－465年","兴安","452年十月－454年七月","3年",""
"南北朝","北魏","北魏","魏文成帝","拓跋濬","452年－465年","兴光","454年七月－455年六月","2年",""
"南北朝","北魏","北魏","魏文成帝","拓跋濬","452年－465年","太安","455年六月－459年","5年",""
"南北朝","北魏","北魏","魏文成帝","拓跋濬","452年－465年","和平","460年－465年","6年","和平六年（465年）五月魏献文帝即位沿用。"
"南北朝","北魏","北魏","魏献文帝","拓跋弘","465年－471年","天安","466年－467年八月","2年",""
"南北朝","北魏","北魏","魏献文帝","拓跋弘","465年－471年","皇兴","467年八月－471年八月","5年",""
"南北朝","北魏","北魏","魏孝文帝","元宏","471年－499年","延兴","471年八月－476年六月","6年",""
"南北朝","北魏","北魏","魏孝文帝","元宏","471年－499年","承明","476年六月－十二月","1年",""
"南北朝","北魏","北魏","魏孝文帝","元宏","471年－499年","太和","477年－499年","23年","太和二十三年（499年）四月魏宣武帝即位沿用。"
"南北朝","北魏","北魏","魏宣武帝","元恪","499年－515年","景明","500年正月－504年正月","5年",""
"南北朝","北魏","北魏","魏宣武帝","元恪","499年－515年","正始","504年正月－508年八月","5年",""
"南北朝","北魏","北魏","魏宣武帝","元恪","499年－515年","永平","508年八月－512年四月","5年",""
"南北朝","北魏","北魏","魏宣武帝","元恪","499年－515年","延昌","512年四月－515年","4年","延昌四年（515年）正月魏孝明帝即位沿用。"
"南北朝","北魏","北魏","魏孝明帝","元诩","515年－528年","熙平","516年－518年二月","3年",""
"南北朝","北魏","北魏","魏孝明帝","元诩","515年－528年","神龟","518年二月－520年七月","3年",""
"南北朝","北魏","北魏","魏孝明帝","元诩","515年－528年","正光","520年七月－525年六月","6年","《邸荀生造像》有“武光五年”字样，有学者认为“武光”即“正光”。"
"南北朝","北魏","北魏","魏孝明帝","元诩","515年－528年","孝昌","525年六月－528年正月","4年",""
"南北朝","北魏","北魏","魏孝明帝","元诩","515年－528年","武泰","528年正月－四月","1年",""
"南北朝","北魏","北魏","魏孝庄帝","元子攸","528年－530年","建义","528年四月－九月","1年",""
"南北朝","北魏","北魏","魏孝庄帝","元子攸","528年－530年","永安","528年九月－530年十月","3年",""
"南北朝","北魏","北魏","魏长广王","元晔","530年－531年","建明","530年十月－531年二月","2年",""
"南北朝","北魏","北魏","魏节闵帝","元恭","531年","普泰","531年二月－十月","1年","《历代建元考》作普嘉。"
"南北朝","北魏","北魏","魏安定王","元朗","531年－532年","中兴","531年十月－532年四月","2年",""
"南北朝","北魏","北魏","魏孝武帝","元脩","532年－534年","太昌","532年四月－十二月","1年",""
"南北朝","北魏","北魏","魏孝武帝","元脩","532年－534年","永兴","532年十二月","1年",""
"南北朝","北魏","北魏","魏孝武帝","元脩","532年－534年","永熙","532年十二月－534年十二月","3年",""
"南北朝","北魏","北魏统治地区其他势力","","白亚栗斯、刘虎","","建平","415年三月－416年九月","2年",""
"南北朝","北魏","北魏统治地区其他势力","","司马小君","","圣君","471年","1年",""
"南北朝","北魏","北魏统治地区其他势力","","樊素安","","正始","？","？","见于叶维庚《纪元通考》和李兆洛《纪元编》，不详何时，或以为是北魏宣武帝元恪的正始年号。"
"南北朝","北魏","北魏统治地区其他势力","","吕苟儿、王法智","","建明","506年正月－七月","7个月",""
"南北朝","北魏","北魏统治地区其他势力","","陈瞻","","圣明","506年正月－七月","7个月",""
"南北朝","北魏","北魏统治地区其他势力","","元愉","","建平","508年八月－九月","2个月",""
"南北朝","北魏","北魏统治地区其他势力","","法庆","","大乘","515年六月－九月","3个月","《魏书》、《资治通鉴》谓法庆自号大乘，未有提及建立年号。《玉海》以大乘为法庆的年号。"
"南北朝","北魏","北魏统治地区其他势力","","破六韩拔陵、杜洛周","","真王","524年三月－528年二月","5年","真王二年（525年）六月，破六韩拔陵被柔然击破，下落不明。同年，杜洛周起兵，继续奉真王年号。"
"南北朝","北魏","北魏统治地区其他势力","","莫折念生","","天建","524年六月－527年九月","4年",""
"南北朝","北魏","北魏统治地区其他势力","","元法僧","","天启","525年正月－三月","3个月","叶维庚《纪元通考》注一作大启。"
"南北朝","北魏","北魏统治地区其他势力","","刘蠡升","","神嘉","525年十二月－535年三月","11年",""
"南北朝","北魏","北魏统治地区其他势力","","鲜于修礼","","鲁兴","526年正月－八月","8个月","《纪元编》“一作普兴”。"
"南北朝","北魏","北魏统治地区其他势力","","陈双炽","","始建","？","？","诸书记载“自号始建王”，并没有说改元。而《玉海》等书则把“始建”作为年号。"
"南北朝","北魏","北魏统治地区其他势力","","葛荣","","广安","526年九月－528年九月","3年",""
"南北朝","北魏","北魏统治地区其他势力","","葛荣","","大通","？","？","见于马绍基《纪元韵览》。"
"南北朝","北魏","北魏统治地区其他势力","","刘获、郑辩","","天授","527年七月","1个月",""
"南北朝","北魏","北魏统治地区其他势力","","萧宝夤","","隆绪","527年十月－528年正月","2年",""
"南北朝","北魏","北魏统治地区其他势力","","邢杲","","天统","528年六月－529年四月","2年",""
"南北朝","北魏","北魏统治地区其他势力","","万俟丑奴","","神兽","528年七月－530年四月","3年","或作神虎、神平。"
"南北朝","北魏","北魏统治地区其他势力","","刘举","","皇武","？","？","《纪元编》“见《韵编》”。"
"南北朝","北魏","北魏统治地区其他势力","","元颢","","孝基","529年四月－五月","2个月",""
"南北朝","北魏","北魏统治地区其他势力","","元颢","","建武","529年五月－闰六月","3个月",""
"南北朝","北魏","北魏统治地区其他势力","","元悦","","更兴","530年六月－532年","3年","或作更新。"
"南北朝","东魏","东魏","魏孝静帝","元善见","534年－550年","天平","534年十月－537年","4年",""
"南北朝","东魏","东魏","魏孝静帝","元善见","534年－550年","元象","538年正月－539年十一月","2年",""
"南北朝","东魏","东魏","魏孝静帝","元善见","534年－550年","兴和","539年十一月－542年","4年",""
"南北朝","东魏","东魏","魏孝静帝","元善见","534年－550年","武定","543年－550年五月","8年",""
"南北朝","东魏","东魏统治地区其他势力","","王迢触、曹贰龙","","平都","536年九月","1个月",""
"南北朝","东魏","东魏统治地区其他势力","","高欢","","黄初","？","？","《定晋禅院碑》有“东魏黄初三年高欢帝所造”字样。"
"南北朝","西魏","西魏","魏文帝","元宝炬","535年－551年","大统","535年－551年","17年",""
"南北朝","西魏","西魏","魏废帝","元钦","551年－554年","乾明","？","？","段长基《历代统纪表》卷七认为西魏君主元钦有乾明元年及二年，但是其他诸书均无记载，都称元钦没有年号。"
"南北朝","北齐","北齐","齐文宣帝","高洋","550年－559年","天保","550年五月－559年","10年","天保十年（559年）十月齐废帝即位沿用。"
"南北朝","北齐","北齐","齐废帝","高殷","559年－560年","乾明","560年正月－八月","1年",""
"南北朝","北齐","北齐","齐孝昭帝","高演","560年－561年","皇建","560年八月－561年十一月","2年",""
"南北朝","北齐","北齐","齐武成帝","高湛","561年－565年","太宁","561年十一月－562年四月","2年","或作大宁、泰宁。"
"南北朝","北齐","北齐","齐武成帝","高湛","561年－565年","河清","562年四月－565年四月","4年",""
"南北朝","北齐","北齐","齐后主","高纬","565年－577年","天统","565年四月－569年","5年",""
"南北朝","北齐","北齐","齐后主","高纬","565年－577年","武平","570年－576年","7年",""
"南北朝","北齐","北齐","齐后主","高纬","565年－577年","隆化","576年十二月","1年",""
"南北朝","北齐","北齐","齐幼主","高恒","577年","承光","577年正月－三月","1年",""
"南北朝","北齐","北齐统治地区其他势力","","高延宗","","德昌","576年十二月","1个月",""
"南北朝","北齐","北齐统治地区其他势力","","高绍义","","武平","578年","1年","《北齐书》、《北史》等皆作“武平元年”。但是《廿二史考异》则认为应是用后主高纬年号，作武平九年。认为后主在武平八年失国，高绍义投奔突厥，次年称帝仍用武平年号，并不应该算作是改元。"
"南北朝","北齐","北齐统治地区其他势力","","？","","安太","？","？","1963年北京怀柔县出土北齐傅隆显墓，其磗文“安太二年”字样，但是这个年号不见于史籍，仍然有待于进一步考证。"
"南北朝","北周","北周","周明帝","宇文毓","557年－560年","武成","559年八月－560年","2年","武成二年（560年）四月周武帝即位沿用。"
"南北朝","北周","北周","周明帝","宇文毓","557年－560年","武定","？","？","《历代建元考》称明帝还有改元武定一事，但不知何据。"
"南北朝","北周","北周","周武帝","宇文邕","560年－578年","保定","561年－565年","5年",""
"南北朝","北周","北周","周武帝","宇文邕","560年－578年","天和","566年正月－572年三月","7年",""
"南北朝","北周","北周","周武帝","宇文邕","560年－578年","建德","572年三月－578年三月","7年",""
"南北朝","北周","北周","周武帝","宇文邕","560年－578年","宣政","578年三月－十二月","1年","宣政元年（578年）六月周宣帝即位沿用。"
"南北朝","北周","北周","周宣帝","宇文赟","578年－579年","大成","579年正月－二月","1年",""
"南北朝","北周","北周","周静帝","宇文阐","579年－581年","大象","579年二月－580年","2年",""
"南北朝","北周","北周","周静帝","宇文阐","579年－581年","大定","581年正月－二月","1年",""
"南北朝","北周","北周统治地区其他势力","","刘没铎","","石平","577年十一月","1个月",""
"南北朝","北周","北周统治地区其他势力","","？","","天统","？","？","《杜公墓志》有“周天统二年”字样，北周无此年号。"
"南北朝","北周","北周统治地区其他势力","","？","","政通","？","？","北朝后期的《黄丙午墓记砖》有“政通三年三月”字样，不知何代纪元。"
"南北朝","高句丽","高句丽","好太王","高安","391年－412年","永乐","391年－412年","22年","诸史不载。见《好太王碑》，碑文云“二九登祚”“永乐五年岁在乙未”“六年丙申”“廿年庚戌”“卅有九晏驾弃国”，即391年改元，行用至412年。"
"南北朝","高句丽","高句丽","长寿王","高琏","412年－491年","延寿","451年－？","？","诸史不载。见《瑞凤冢出土银盒》铭文“□寿元年太歳在辛”“延寿元年太歳在卯”，当在451年改元，行用至少1年。"
"南北朝","高句丽","高句丽","长寿王","高琏","412年－491年","建兴","472年－？","？","诸史不载。见《建兴五年铭金铜释迦三尊佛光背》铭文“建兴五年岁在丙辰”及《中原拓境碑》文“高丽建兴四年”，当在472年改元，行用至少5年。"
"南北朝","高句丽","高句丽","安原王","高延","531年－548年","延嘉","533年－？","？","诸史不载。见《金铜延嘉七年铭如来立像》铭文“延嘉七年岁在己未”，当在533年改元，行用至少7年。"
"南北朝","高句丽","高句丽","安原王","高延","531年－548年","太和","544年－？","？","诸史不载。见《新浦市寺谷金铜板》“□和三年岁次丙寅”（缺字毁损难辨，疑是“太”字），当在544年改元，行用至少3年。"
"南北朝","高句丽","高句丽","平原王","高阳","559年－590年","景□","568年－？","？","诸史不载。见《金铜辛卯铭三尊佛立像》铭文“景四年在辛卯”，当在568年改元，行用至少4年。"
"南北朝","高句丽","高句丽统治地区其他不详","","","","永康","？","？","诸史不载。见《永康七年铭金铜佛光背》铭文“永康七年岁□□”（缺字毁损难辨，疑是“甲□”或“辛未”）。"
"南北朝","高句丽","高句丽统治地区其他不详","","","","□熙","？","？","见李昊荣《中原高句丽碑题额的新读》所引铭文“□熙七年岁辛□□”。"
"南北朝","柔然","柔然","受罗部真可汗","予成","464年－485年","永康","466年－484年","19年","新疆《妙法莲华经》残本有“永康五年岁次庚戌（470年）”字样。高昌用该年号。"
"南北朝","柔然","柔然","伏古敦可汗","豆仑","485年－492年","太平","485年－491年","7年","高昌用该年号。"
"南北朝","柔然","柔然","候其伏代库者可汗","那盖","492年－506年","太安","492年－505年","14年",""
"南北朝","柔然","柔然","佗汗可汗","伏图","506年－508年","始平","506年－507年","2年",""
"南北朝","柔然","柔然","豆罗伏跋豆伐可汗","丑奴","508年－520年","建昌","508年－520年","13年",""
"南北朝","高昌","高昌","阚伯周","","460年－约477年","永康","466年－约477年","12年","用柔然永康年号（元年至十二年）。"
"南北朝","高昌","高昌","阚义成","","约477年－478年","永康","477年－约478年","2年","用柔然永康年号（十二年至十三年）。"
"南北朝","高昌","高昌","阚首归","","478年－488年","永康","478年－485年","12年","用柔然永康年号（十三年至二十年）。"
"南北朝","高昌","高昌","阚首归","","478年－488年","太平","485年－488年","4年","用柔然太平年号（元年至四年）。"
"南北朝","高昌","高昌","张孟明","","489年－496年","建初","489年－496年","8年","诸史不载，见于吐鲁番出土文物。吴震认为在阚首归末年。"
"南北朝","高昌","高昌","马儒","","497年－501年","？？","497年－501年","5年","王素考订马儒曾使用年号纪年，名称不明。"
"南北朝","高昌","高昌","麹嘉","","501年－525年","承平","502年－509年","8年","诸史不载，见于吐鲁番出土文物。"
"南北朝","高昌","高昌","麹嘉","","501年－525年","义熙","510年－525年","16年","诸史不载，见于吐鲁番出土文物。"
"南北朝","高昌","高昌","麹光","","525年－530年","甘露","526年－530年","5年","诸史不载，见于吐鲁番出土文物。"
"南北朝","高昌","高昌","麹坚","","530年－548年","章和","531年－548年","18年","诸史不载，见于吐鲁番出土文物。"
"南北朝","高昌","高昌","麹玄喜","","547年－550年","永平","549年－550年","2年","该年号诸史皆无，有黄文弼根据《田元初墓表》补正。"
"南北朝","高昌","高昌","麹□","","550年－555年","和平","551年－554年","4年","该年号诸史皆无，黄文弼根据《汜绍和及妻张氏墓表》及《孟宣宗墓表》补正。"
"南北朝","高昌","高昌","麹宝茂","","555年－560年","建昌","555年－560年","6年","诸史不载，见于吐鲁番出土文物。"
"南北朝","高昌","高昌","麹乾固","","560年－601年","延昌","561年－601年","41年","诸史不载，见于吐鲁番出土文物。"
"南北朝","高昌","高昌","麹伯雅","","601年－623年","延和","602年－613年","12年","诸史皆无。黄文弼根据《延和二年癸亥唐元护妻令狐氏墓表》推算麹伯雅的嗣位时间。"
"南北朝","高昌","高昌","麹伯雅","","601年－623年","义和","614年－619年","6年","该年号诸史皆无。黄文弼根据一些墓表和吐鲁番出土文书补正。该年号一说是政变者的年号，一说是麹伯雅的年号。"
"南北朝","高昌","高昌","麹伯雅","","601年－623年","重光","620年－623年","4年","诸史不载，见于吐鲁番出土文物。也有部分高昌年表认为是麹文泰的年号。重光四年（623年）九月麹文泰即位沿用。"
"南北朝","高昌","高昌","麹文泰","","623年－640年","延寿","624年－640年八月","17年","诸史不载，见于吐鲁番出土文物。延寿十七年（640年）八月麹智盛即位沿用，同月高昌灭亡。"
"南北朝","高昌","高昌统治地区其他不详","","","","白雀","？","？","吐鲁番地区曾出土高昌时期的白雀年号。至于此白雀年号为高昌本身之年号或奉后秦之年号则仍然待考。"
"隋朝","隋朝","隋朝","隋文帝","杨坚","581年－604年","开皇","581年二月－600年","20年",""
"隋朝","隋朝","隋朝","隋文帝","杨坚","581年－604年","仁寿","601年－604年","4年","仁寿四年（604年）七月隋炀帝即位沿用。"
"隋朝","隋朝","隋朝","隋炀帝","杨广","604年－618年","大业","605年－618年三月","14年","《隋书》、《北史》等只记载到大业十三年，而《资治通鉴》则只记载到十二年。赵翼则考证李渊虽然立杨侑为帝，改元义宁，但是隋炀帝仍在，大业年号并没有废除。"
"隋朝","隋朝","隋朝","隋恭帝","杨侑","617年－618年","义宁","617年十一月－618年五月","2年",""
"隋朝","隋朝","隋朝","皇泰主","杨侗","618年－619年","皇泰","618年五月－619年四月","2年",""
"隋朝","隋朝","隋末农民起义时各割据势力","","向海明","","白乌","613年十二月","1个月",""
"隋朝","隋朝","隋末农民起义时各割据势力","","刘迦论","","大世","614年五月","1个月",""
"隋朝","隋朝","隋末农民起义时各割据势力","","操师乞","","始兴","616年十二月","1个月","或作天成。"
"隋朝","隋朝","隋末农民起义时各割据势力","","林士弘","","太平","616年十二月－622年十月","7年","或作延康、天成。"
"隋朝","隋朝","隋末农民起义时各割据势力","","窦建德","","丁丑","617年正月－618年十一月","2年",""
"隋朝","隋朝","隋末农民起义时各割据势力","","窦建德","","五凤","618年十一月－621年五月","4年",""
"隋朝","隋朝","隋末农民起义时各割据势力","","李密","","永平","617年二月－618年十月","2年",""
"隋朝","隋朝","隋末农民起义时各割据势力","","刘武周","","天兴","617年三月－620年四月","4年",""
"隋朝","隋朝","隋末农民起义时各割据势力","","郭子和","","正平","617年三月－618年七月","2年","或作丑平。"
"隋朝","隋朝","隋末农民起义时各割据势力","","薛举","","秦兴","617年四月－618年十一月","2年","误作泰兴。"
"隋朝","隋朝","隋末农民起义时各割据势力","","李轨","","安乐","617年七月－619年五月","3年","《隋书》作改元在617年七月，《通鉴》作改元在618年十一月。《刘和墓志》作“安乐元年岁次丁丑”，元年即617年。"
"隋朝","隋朝","隋末农民起义时各割据势力","","萧铣","","鸣凤","617年十月－621年十月","5年","或作凤鸣。"
"隋朝","隋朝","隋末农民起义时各割据势力","","曹武彻","","通圣","617年十二月","1个月",""
"隋朝","隋朝","隋末农民起义时各割据势力","","梁师都","","永隆","618年－628年四月","11年","《通鉴》作改元在617年三月；《梁明达墓志》作“永隆二年岁次己卯”，元年即618年。"
"唐朝","唐朝","唐朝","唐高祖","李渊","618年－626年","武德","618年五月－626年","9年","武德九年（626年）八月唐太宗即位沿用。"
"唐朝","唐朝","唐朝","唐太宗","李世民","626年－649年","贞观","627年－649年","23年","或作正观、真观。贞观二十三年（649年）六月唐高宗即位沿用。"
"唐朝","唐朝","唐朝","唐高宗","李治","649年－683年","永徽","650年－655年","6年",""
"唐朝","唐朝","唐朝","唐高宗","李治","649年－683年","显庆","656年正月－661年二月","6年","为避讳唐中宗李显的名字，因此唐朝人追称显庆年号多称明庆，又作光庆。"
"唐朝","唐朝","唐朝","唐高宗","李治","649年－683年","龙朔","661年三月－663年","3年","《封氏闻见记》误作龙翔。"
"唐朝","唐朝","唐朝","唐高宗","李治","649年－683年","麟德","664年－665年","2年","《旧唐书》、《新唐书》都称是龙朔三年十二月，诏改明年正月一日为麟德元年。但是新疆吐鲁番出土的《唐纪元钞》则记载“龙朔四年六月一日改”，与史书的记载相差半年。"
"唐朝","唐朝","唐朝","唐高宗","李治","649年－683年","乾封","666年正月－668年二月","3年",""
"唐朝","唐朝","唐朝","唐高宗","李治","649年－683年","总章","668年二月－670年二月","3年","《旧唐书》和新疆出土的《唐纪元钞》作乾封三年二月改元总章元年，《新唐书》和《资治通鉴》作乾封三年三月改元。"
"唐朝","唐朝","唐朝","唐高宗","李治","649年－683年","咸亨","670年三月－674年八月","5年",""
"唐朝","唐朝","唐朝","唐高宗","李治","649年－683年","上元","674年八月－676年十一月","3年",""
"唐朝","唐朝","唐朝","唐高宗","李治","649年－683年","仪凤","676年十一月－679年六月","4年",""
"唐朝","唐朝","唐朝","唐高宗","李治","649年－683年","乾通","原定","仪凤三年（678年）四月敕令明年改元乾通，十二月敕停不行。",""
"唐朝","唐朝","唐朝","唐高宗","李治","649年－683年","调露","679年六月－680年八月","2年",""
"唐朝","唐朝","唐朝","唐高宗","李治","649年－683年","永隆","680年八月－681年九月","2年","因避讳唐玄宗李隆基的名字，唐朝人多称永崇。"
"唐朝","唐朝","唐朝","唐高宗","李治","649年－683年","开耀","681年九月－682年二月","2年",""
"唐朝","唐朝","唐朝","唐高宗","李治","649年－683年","永淳","682年二月－683年","2年",""
"唐朝","唐朝","唐朝","唐高宗","李治","649年－683年","弘道","683年十二月","1年",""
"唐朝","唐朝","唐朝","唐中宗","李显","683年－684年","嗣圣","684年正月－二月","1年",""
"唐朝","唐朝","唐朝","唐睿宗","李旦","684年－690年","文明","684年二月－八月","1年",""
"唐朝","唐朝","唐朝","唐睿宗","李旦","684年－690年","光宅","684年九月－十二月","1年",""
"唐朝","唐朝","唐朝","唐睿宗","李旦","684年－690年","垂拱","685年－688年","4年",""
"唐朝","唐朝","唐朝","唐睿宗","李旦","684年－690年","永昌","689年正月－十月","1年",""
"唐朝","唐朝","唐朝","唐睿宗","李旦","684年－690年","载初","690年正月－690年八月","1年","从元年起用子正，改永昌元年十一月为载初元年正月。"
"唐朝","唐朝","武周","武曌","","683年－705年","天授","690年九月－692年三月","3年","用子正，正月即夏历十一月，腊月即夏历十二月，为子正一年第二个月。天授元年九月改国号为周。"
"唐朝","唐朝","武周","武曌","","683年－705年","如意","692年四月－九月","1年","用子正。"
"唐朝","唐朝","武周","武曌","","683年－705年","长寿","692年九月－694年五月","3年","用子正。"
"唐朝","唐朝","武周","武曌","","683年－705年","延载","694年五月－十月","1年","用子正。"
"唐朝","唐朝","武周","武曌","","683年－705年","证圣","695年正月－九月","1年","用子正。"
"唐朝","唐朝","武周","武曌","","683年－705年","天册万岁","695年九月－696年腊月","2年","用子正。"
"唐朝","唐朝","武周","武曌","","683年－705年","万岁登封","696年腊月－三月","1年","用子正。"
"唐朝","唐朝","武周","武曌","","683年－705年","万岁通天","696年三月－697年九月","2年","用子正。"
"唐朝","唐朝","武周","武曌","","683年－705年","神功","697年九月－闰十月","1年","用子正。"
"唐朝","唐朝","武周","武曌","","683年－705年","圣历","698年－700年五月","3年","用子正。"
"唐朝","唐朝","武周","武曌","","683年－705年","久视","700年五月－701年正月","2年","久视元年十月复寅正。"
"唐朝","唐朝","武周","武曌","","683年－705年","大足","701年正月－十月","1年",""
"唐朝","唐朝","武周","武曌","","683年－705年","长安","701年十月－704年","4年",""
"唐朝","唐朝","武周","武曌","","683年－705年","神龙","705年－707年九月","3年","神龙元年二月中宗复国号唐。"
"唐朝","唐朝","续唐朝","唐中宗","李显","705年－710年","景龙","707年九月－710年六月","4年",""
"唐朝","唐朝","续唐朝","唐殇帝","李重茂","710年","唐隆","710年六月－七月","1年","或作唐元、唐兴、唐安。"
"唐朝","唐朝","续唐朝","唐睿宗","李旦","710年－712年","景云","710年七月－712年正月","3年",""
"唐朝","唐朝","续唐朝","唐睿宗","李旦","710年－712年","太极","712年正月－四月","1年",""
"唐朝","唐朝","续唐朝","唐睿宗","李旦","710年－712年","延和","712年五月－八月","1年",""
"唐朝","唐朝","续唐朝","唐玄宗","李隆基","712年－756年","先天","712年八月－713年十一月","2年",""
"唐朝","唐朝","续唐朝","唐玄宗","李隆基","712年－756年","开元","713年十二月－741年","29年",""
"唐朝","唐朝","续唐朝","唐玄宗","李隆基","712年－756年","天宝","742年－756年七月","15年","天宝三年（744年）正月朔改“年”为“载”。"
"唐朝","唐朝","续唐朝","唐肃宗","李亨","756年－762年","至德","756年七月－758年二月","3年","称“年”为“载”。"
"唐朝","唐朝","续唐朝","唐肃宗","李亨","756年－762年","乾元","758年二月－760年闰四月","3年","乾元元年（758年）二月复载为年。"
"唐朝","唐朝","续唐朝","唐肃宗","李亨","756年－762年","上元","760年闰四月－761年九月","2年","上元二年（761年）九月二十一日去年号，称元年，以建子月为岁首。"
"唐朝","唐朝","续唐朝","唐肃宗","李亨","756年－762年","宝应","762年四月－763年六月","2年","恢复寅正；四月二十日唐代宗即位沿用。"
"唐朝","唐朝","续唐朝","唐代宗","李豫","762年－779年","广德","763年七月－764年","2年","当时河西走廊被吐蕃占领，唐朝西域与中原隔绝，西域将士不知道唐朝已改元，仍继续使用广德年号，有文物显示他们至少使用该年号到“广德四年”（766年）。"
"唐朝","唐朝","续唐朝","唐代宗","李豫","762年－779年","永泰","765年－766年十一月","2年","因吐蕃骚扰阻碍交通，与中原交通不便的西州、庭州仍用永泰年号，署年到“永泰三年”（767年）。"
"唐朝","唐朝","续唐朝","唐代宗","李豫","762年－779年","大历","766年十一月－779年","14年","大历十四年（779年）五月唐德宗即位沿用。当时于阗因与中原阻隔，不知唐朝早已改元，故沿用该年号，有文书署年到“大历十七年”（782年）。"
"唐朝","唐朝","续唐朝","唐德宗","李适","779年－ 805年","建中","780年－783年","4年","当时河西与中原的联系被吐蕃阻隔，敦煌不知唐朝已改元，故沿用该年号，有文书署年到“建中八年”（787年）。"
"唐朝","唐朝","续唐朝","唐德宗","李适","779年－ 805年","兴元","784年","1年",""
"唐朝","唐朝","续唐朝","唐德宗","李适","779年－ 805年","贞元","785年－805年八月","21年","贞元二十一年（805年）正月唐顺宗即位沿用。"
"唐朝","唐朝","续唐朝","唐顺宗","李诵","805年","永贞","805年八月－十二月","1年","永贞元年（805年）八月唐宪宗即位沿用。"
"唐朝","唐朝","续唐朝","唐宪宗","李纯","805年－820年","元和","806年正月－820年","15年","元和十五年（820年）闰正月唐穆宗即位沿用。"
"唐朝","唐朝","续唐朝","唐穆宗","李恒","820年－824年","永新","820年二月","1年","诸史不载，见于《唐故赵氏夫人墓志铭》，旋改即又废止，只称元和十五年。"
"唐朝","唐朝","续唐朝","唐穆宗","李恒","820年－824年","长庆","821年正月－824年","4年","《济州金石志》引青龙山石龙菴佛座题字有“元庆元年”字样，徐宗干认为是“长庆”之误。长庆四年（824年）正月唐敬宗即位沿用。"
"唐朝","唐朝","续唐朝","唐敬宗","李湛","824年－826年","宝历","825年正月－827年二月","3年","宝历二年（826年）十二月唐文宗即位沿用。"
"唐朝","唐朝","续唐朝","唐文宗","李昂","826年－840年","大和","827年二月－835年","9年","或作太和。"
"唐朝","唐朝","续唐朝","唐文宗","李昂","826年－840年","开成","836年－840年","5年","开成五年（840年）正月唐武宗即位沿用。"
"唐朝","唐朝","续唐朝","唐武宗","李炎","840年－ 846年","会昌","841年正月－846年","6年","会昌六年（846年）三月唐宣宗即位沿用。"
"唐朝","唐朝","续唐朝","唐宣宗","李忱","846年－859年","大中","847年正月－860年十月","14年","大中十三年（859年）八月唐懿宗即位沿用。"
"唐朝","唐朝","续唐朝","唐懿宗","李漼","859年－873年","咸通","860年十一月－874年十一月","15年","咸通十四年（873年）七月唐僖宗即位沿用。"
"唐朝","唐朝","续唐朝","唐僖宗","李儇","873年－888年","乾符","874年十一月－879年","6年",""
"唐朝","唐朝","续唐朝","唐僖宗","李儇","873年－888年","广明","880年－881年七月","2年",""
"唐朝","唐朝","续唐朝","唐僖宗","李儇","873年－888年","中和","881年七月－885年三月","5年",""
"唐朝","唐朝","续唐朝","唐僖宗","李儇","873年－888年","光启","885年三月－888年正月","4年",""
"唐朝","唐朝","续唐朝","唐僖宗","李儇","873年－888年","文德","888年二月－十二月","1年","文德元年（888年）三月唐昭宗即位沿用。"
"唐朝","唐朝","续唐朝","唐昭宗","李晔","888年－904年","龙纪","889年","1年",""
"唐朝","唐朝","续唐朝","唐昭宗","李晔","888年－904年","大顺","890年－891年","2年","当时西域龟兹僧人仍继续使用大顺年号，有洞壁题字到“大顺五年”（894年）。"
"唐朝","唐朝","续唐朝","唐昭宗","李晔","888年－904年","景福","892年正月－893年","2年",""
"唐朝","唐朝","续唐朝","唐昭宗","李晔","888年－904年","乾宁","894年－898年八月","5年",""
"唐朝","唐朝","续唐朝","唐昭宗","李晔","888年－904年","光化","898年八月－901年三月","4年",""
"唐朝","唐朝","续唐朝","唐昭宗","李晔","888年－904年","天复","901年四月－904年闰四月","4年","晋、岐、前蜀、归义军仍行唐天复年号。"
"唐朝","唐朝","续唐朝","唐昭宗","李晔","888年－904年","天祐","904年闰四月－907年三月","4年","天祐元年（904年）八月唐哀帝李柷即位沿用。晋、吴、吴越、岐仍行唐天祐年号。"
"唐朝","唐朝","唐朝统治地区其他势力","","宇文化及","","天寿","618年九月－619年二月","2年",""
"唐朝","唐朝","唐朝统治地区其他势力","","朱粲","","昌达","618年十月－619年闰二月","2年","《旧唐书》和《资治通鉴》记载618年十月建元，《隋书》为615年十二月。"
"唐朝","唐朝","唐朝统治地区其他势力","","高开道","","始兴","618年十二月－624年二月","7年","或作天成。"
"唐朝","唐朝","唐朝统治地区其他势力","","高昙晟","","法轮","618年十二月","1个月",""
"唐朝","唐朝","唐朝统治地区其他势力","","王世充","","开明","619年四月－621年五月","3年",""
"唐朝","唐朝","唐朝统治地区其他势力","","沈法兴","","延康","619年九月－620年","2年",""
"唐朝","唐朝","唐朝统治地区其他势力","","李子通","","明政","619年九月－621年十一月","3年",""
"唐朝","唐朝","唐朝统治地区其他势力","","刘黑闼","","天造","622年－623年正月","2年",""
"唐朝","唐朝","唐朝统治地区其他势力","","辅公祏","","天明","623年八月－624年三月","2年",""
"唐朝","唐朝","唐朝统治地区其他势力","","辅公祏","","乾德","？","2年","《玉海》载有乾德年号。《廿二史考异》引《杨文公谈苑》，江南曾发现有石志，刻有“大宋乾德四年”字，称是辅公祏年号。李崇智认为辅公祏起兵到被杀，前后只有8个月，不会有乾德四年，因之认为乾德非辅公祏年号。"
"唐朝","唐朝","唐朝统治地区其他势力","","王摩沙","","进通","623年","1年",""
"唐朝","唐朝","唐朝统治地区其他势力","","李重福","","中元克复","710年七月－八月","2个月","或作中宗克复。"
"唐朝","唐朝","唐朝统治地区其他势力","","安禄山","","圣武","756年－757年","2年","《新唐书》称757年正月，安庆绪即位改元载初。但大量的出土墓志表明，“圣武”年号最迟用至圣武二年十月。"
"唐朝","唐朝","唐朝统治地区其他势力","","安庆绪","","载初","？","？","该年号仅见于《新唐书·安庆绪传》，《旧唐书》和《资治通鉴》均不载。根据出土墓志可知，安庆绪并无此年号。"
"唐朝","唐朝","唐朝统治地区其他势力","","安庆绪","","天成","758年正月－759年三月","2年","或作天和、至成。《大燕故程府君墓志铭并序》（程思泰墓志）称程思泰在“天成元年岁次戊戌九月庚午朔三日壬申”下葬。可知天成元年为758年。"
"唐朝","唐朝","唐朝统治地区其他势力","","史思明","","应天","759年正月－三月","3个月",""
"唐朝","唐朝","唐朝统治地区其他势力","","史思明","","顺天","759年四月－761年三月","3年",""
"唐朝","唐朝","唐朝统治地区其他势力","","史朝义","","显圣","761年三月－763年正月","3年",""
"唐朝","唐朝","唐朝统治地区其他势力","","段子璋","","黄龙","761年四月－五月","2个月",""
"唐朝","唐朝","唐朝统治地区其他势力","","李珍","","正德","761年","1年","仅见罗振玉《重校订纪元编》，新旧《唐书》及《通鉴》均未记载。"
"唐朝","唐朝","唐朝统治地区其他势力","","袁晁","","宝胜","762年八月－763年四月","2年","或作昇国。"
"唐朝","唐朝","唐朝统治地区其他势力","","李承宏","","？？","763年十月－十二月","1年","新旧《唐书》及《通鉴》记载建立年号，名称不明。"
"唐朝","唐朝","唐朝统治地区其他势力","","朱泚","","应天","783年十月－十二月","3个月","国号秦，立兄子朱遂为太子。"
"唐朝","唐朝","唐朝统治地区其他势力","","朱泚","","天皇","784年正月－六月","6个月","改国号为汉，与朱滔呼应。"
"唐朝","唐朝","唐朝统治地区其他势力","","李希烈","","武成","784年－786年四月","3年",""
"唐朝","唐朝","唐朝统治地区其他势力","","裘甫","","罗平","860年二月－八月","7个月",""
"唐朝","唐朝","唐朝统治地区其他势力","","黄巢","","王霸","878年二月－880年十一月","3年",""
"唐朝","唐朝","唐朝统治地区其他势力","","黄巢","","金统","880年十二月－884年六月","5年",""
"唐朝","唐朝","唐朝统治地区其他势力","","秦宗权","","龙纪","？","？","柏杨《中国历史年表》作885年秦宗权建元龙纪，使用至888年。"
"唐朝","唐朝","唐朝统治地区其他势力","","李煴","","建贞","886年十月－十二月","3个月","或作永贞。"
"唐朝","唐朝","唐朝统治地区其他势力","","董昌","","顺天","895年二月－896年五月","2年","或作大圣、天册、天圣。"
"唐朝","唐朝","唐朝统治地区其他势力","","李缜","","天寿","？","？","见于《玉海》，他书皆无，或为误记。"
"唐朝","吐蕃","吐蕃","可黎可足赞普","","817年－838年","彝泰","815年－838年","24年","吐蕃唯一可考年号。"
"唐朝","于阗","于阗","尉迟乌僧波","","912年－966年","同庆","912年－949年","38年","一作开庆。结束时间李崇智认为是966年或稍后，也有学者认为讫于944年，其后还有天兴和天寿年号。"
"唐朝","于阗","于阗","尉迟乌僧波","","912年－966年","天兴","950年－963年","14年","诸史不载，见于敦煌于阗语文书。孟凡人认为是尉迟僧伽罗摩的年号。"
"唐朝","于阗","于阗","尉迟乌僧波","","912年－966年","天寿","963年－966年","4年","诸史不载，见于敦煌于阗语文书。年号结束时间多有争议，孟凡人认为是于阗末代君主的年号。"
"唐朝","于阗","于阗","尉迟苏拉","","966年－977年","天尊","967年－977年","11年","诸史不载，见于敦煌于阗语文书。"
"唐朝","于阗","于阗","尉迟达磨","","977年－985年","中兴","978年－985年","8年","诸史不载，见于敦煌于阗语文书。"
"唐朝","渤海以及东丹和定安","渤海","渤海高王","大祚荣","698年－719年","天统","？","？","见于黄维翰《渤海国记》，金毓黻在《校录》说明年号出自黄义敦《朝鲜历史》，但来源没有依据。"
"唐朝","渤海以及东丹和定安","渤海","渤海武王","大武艺","719年－737年","仁安","719年－737年","19年",""
"唐朝","渤海以及东丹和定安","渤海","渤海文王","大钦茂","737年－793年","大兴","737年－793年","57年","大兴三十八年（774年）改元宝历，晚年（具体何年不详）仍用大兴年号。"
"唐朝","渤海以及东丹和定安","渤海","渤海文王","大钦茂","737年－793年","宝历","774年－？","？","该年号诸史未载。此宝历非唐敬宗的宝历年号。"
"唐朝","渤海以及东丹和定安","渤海","渤海成王","大华玙","793年－794年","中兴","794年","1年",""
"唐朝","渤海以及东丹和定安","渤海","渤海康王","大嵩璘","794年－808年","正历","795年－807年","13年",""
"唐朝","渤海以及东丹和定安","渤海","渤海定王","大元瑜","808年－812年","永德","808年－811年","4年",""
"唐朝","渤海以及东丹和定安","渤海","渤海僖王","大言义","812年－817年","朱雀","812年－816年","5年",""
"唐朝","渤海以及东丹和定安","渤海","渤海简王","大明忠","817年－818年","太始","817年","1年",""
"唐朝","渤海以及东丹和定安","渤海","渤海宣王","大仁秀","818年－830年","建兴","818年－830年","13年",""
"唐朝","渤海以及东丹和定安","渤海","大彝震","","830年－857年","咸和","831年－857年","27年","大彝震之后，尚有多位继承者不详世次，年号均无考。"
"唐朝","渤海以及东丹和定安","渤海","大虔晃","","857年－871年","？？","858年－871年","14年","金毓黻考订大虔晃曾使用年号纪年，名称不明。"
"唐朝","渤海以及东丹和定安","渤海","大玄锡","","871年－893年","？？","872年－893年","22年","金毓黻考订大虔晃曾使用年号纪年，名称不明。"
"唐朝","渤海以及东丹和定安","渤海","大玮瑎","","893年－906年","？？","894年－906年","13年","金毓黻考订大虔晃曾使用年号纪年，名称不明。"
"唐朝","渤海以及东丹和定安","渤海","大諲譔","","906年－926年","？？","907年－926年","20年","金毓黻考订大虔晃曾使用年号纪年，名称不明。"
"唐朝","渤海以及东丹和定安","东丹","耶律倍","","926年－937年","甘露","926年－936年","11年",""
"唐朝","渤海以及东丹和定安","定安","乌玄明","","976年－？","元兴","976年－？","？",""
"唐朝","南诏及大理","南诏","阁罗凤","","748年－779年","赞普锺","752年－768年","17年","李京《云南志略》作建锺。"
"唐朝","南诏及大理","南诏","阁罗凤","","748年－779年","长寿","769年－779年","11年",""
"唐朝","南诏及大理","南诏","阁罗凤","","748年－779年","锺元","？","？","见郑云芝《历代年号表》，在见龙年号之前。"
"唐朝","南诏及大理","南诏","异牟寻","","779年－808年","见龙","780年－783年","4年",""
"唐朝","南诏及大理","南诏","异牟寻","","779年－808年","上元","784年－808年","25年","王崧《云南备征志》“按一作改元元封”。"
"唐朝","南诏及大理","南诏","异牟寻","","779年－808年","元封","？","？","云南昆明圆通寺寺后山石壁大寿字右旁落有“元封元年春正月，奉旨书于崇嵩之石壁”，有学者证实是造假的伪作。"
"唐朝","南诏及大理","南诏","寻阁劝","","808年－809年","应道","809年","1年",""
"唐朝","南诏及大理","南诏","劝龙晟","","809年－816年","龙兴","810年－816年","7年",""
"唐朝","南诏及大理","南诏","劝利晟","","816年－823年","全义","816年二月－819年","4年","《通鉴》记载在二月即位。"
"唐朝","南诏及大理","南诏","劝利晟","","816年－823年","大丰","820年－823年","4年",""
"唐朝","南诏及大理","南诏","劝丰祐","","823年－859年","保和","824年－839年","16年","或作保合。"
"唐朝","南诏及大理","南诏","劝丰祐","","823年－859年","天启","840年－859年","20年",""
"唐朝","南诏及大理","南诏","世隆","","859年－877年","建极","860年－877年","18年","或作建枢。"
"唐朝","南诏及大理","南诏","世隆","","859年－877年","法尧","？","？","非年号，是世隆之子隆舜的别名。"
"唐朝","南诏及大理","南诏","隆舜","","877年－897年","贞明承智大同","877年－888年","12年","倪辂及胡蔚《南诏野史》分别作真明和贞明。有学者认为南诏、大理无六字年号之例，视为三个年号：贞明、承智、大同。"
"唐朝","南诏及大理","南诏","隆舜","","877年－897年","嵯耶","889年－897年","9年",""
"唐朝","南诏及大理","南诏","舜化贞","","897年－902年","中兴","897年－902年","6年",""
"唐朝","南诏及大理","大长和","郑买嗣","","902年－909年","安国","903年－909年","7年","《护国司南抄》卷一有题记“时安国圣治六年甲寅岁”字样，干支有误。"
"唐朝","南诏及大理","大长和","郑仁旻","","909年－926年","孝治","910年－914年","5年","胡蔚《南诏野史》作始元，诸葛元声《滇史》记载又名孝德。"
"唐朝","南诏及大理","大长和","郑仁旻","","909年－926年","天瑞景星","915年－916年","2年","《滇史》作天瑞，又名景星。"
"唐朝","南诏及大理","大长和","郑仁旻","","909年－926年","安和","917年－920年","4年",""
"唐朝","南诏及大理","大长和","郑仁旻","","909年－926年","贞祐","921年－924年","4年","《云南志略》作真佑。"
"唐朝","南诏及大理","大长和","郑仁旻","","909年－926年","初历","925年－926年","2年","《云南志略》作初立。"
"唐朝","南诏及大理","大长和","郑隆亶","","926年－928年","天应","927年","1年",""
"唐朝","南诏及大理","大天兴","赵善政","","928年－929年","尊圣","928年－929年","2年","《滇载记》作兴源，《云南志略》作应天。"
"唐朝","南诏及大理","大义宁","杨干贞","","929年－937年","兴圣","929年－930年","2年","或作先圣、光圣。"
"唐朝","南诏及大理","大义宁","杨干贞","","929年－937年","大明","931年－937年","7年",""
"唐朝","南诏及大理","大义宁","杨干贞","","929年－937年","鼎新","？","？",""
"唐朝","南诏及大理","大义宁","杨干贞","","929年－937年","光圣","？","？","或作克圣。"
"唐朝","南诏及大理","大义宁","杨干贞","","929年－937年","建国","？","？","见于《云南志略》。"
"唐朝","南诏及大理","大义宁","杨干贞","","929年－937年","皇兴","？","？","见于《纪元韵览》。"
"唐朝","南诏及大理","大理","大理太祖","段思平","937年－944年","文德","938年－944年","7年",""
"唐朝","南诏及大理","大理","大理太祖","段思平","937年－944年","神武","？","？","只见于沈德符《历代正闰考》，王云认为是将段思平的谥号误作年号。"
"唐朝","南诏及大理","大理","大理文经帝","段思英","945年","文经","945年","1年","《纪元编》作“文经武略”。"
"唐朝","南诏及大理","大理","大理圣慈帝","段思良","946年－951年","至治","946年－951年","6年","或作致治，《云南志略》误作主治。"
"唐朝","南诏及大理","大理","大理广慈帝","段思聪","952年－968年","明德","952年","1年",""
"唐朝","南诏及大理","大理","大理广慈帝","段思聪","952年－968年","广德","953年－967年","15年",""
"唐朝","南诏及大理","大理","大理广慈帝","段思聪","952年－968年","顺德","968年","1年","或作圣德。"
"唐朝","南诏及大理","大理","大理应道帝","段素顺","969年－985年","明政","969年－985年","17年","或作明正。"
"唐朝","南诏及大理","大理","大理昭明帝","段素英","986年－1009年","广明","986年－988年","3年",""
"唐朝","南诏及大理","大理","大理昭明帝","段素英","986年－1009年","明圣","989年－991年","3年",""
"唐朝","南诏及大理","大理","大理昭明帝","段素英","986年－1009年","明统","992年－996年","5年","一作“明德”。《玉海》“或曰明侯”。"
"唐朝","南诏及大理","大理","大理昭明帝","段素英","986年－1009年","明治","997年－1005年","9年",""
"唐朝","南诏及大理","大理","大理昭明帝","段素英","986年－1009年","明应","1006年－1009年","4年",""
"唐朝","南诏及大理","大理","大理昭明帝","段素英","986年－1009年","明法","？","？","疑是明治之误。"
"唐朝","南诏及大理","大理","大理昭明帝","段素英","986年－1009年","广德","？","？","疑是广明或明德之误。"
"唐朝","南诏及大理","大理","大理昭明帝","段素英","986年－1009年","明运","？","？","恐传闻之误。"
"唐朝","南诏及大理","大理","大理宣肃帝","段素廉","1010年－1022年","明启","1010年－1022年","13年","或作“启明天圣”。"
"唐朝","南诏及大理","大理","大理宣肃帝","段素廉","1010年－1022年","乾兴","？","？","只见于《滇载记》，李家瑞认为是同时期的宋真宗纪元误作段素廉的纪元。"
"唐朝","南诏及大理","大理","大理秉义帝","段素隆","1023年－1026年","明通","1023年－1026年","4年","《纪元编》作“明通天圣”，李家瑞认为“天圣”是赞美之词。"
"唐朝","南诏及大理","大理","大理圣德帝","段素真","1027年－1041年","正治","1027年－1041年","15年",""
"唐朝","南诏及大理","大理","大理天明帝","段素兴","1042年－1044年","圣明","1042年","1年",""
"唐朝","南诏及大理","大理","大理天明帝","段素兴","1042年－1044年","天明","1043年－1044年","2年",""
"唐朝","南诏及大理","大理","大理世宗","段思廉","1045年－1074年","保安","1045年－1052年","8年",""
"唐朝","南诏及大理","大理","大理世宗","段思廉","1045年－1074年","政安","1053年－1061年","9年","或作正安。"
"唐朝","南诏及大理","大理","大理世宗","段思廉","1045年－1074年","正德","1062年－1073年","12年","或作政德。"
"唐朝","南诏及大理","大理","大理世宗","段思廉","1045年－1074年","保德","1074年－1075年","2年",""
"唐朝","南诏及大理","大理","大理世宗","段思廉","1045年－1074年","太安","？","？","见于《云南志略》。"
"唐朝","南诏及大理","大理","大理世宗","段思廉","1045年－1074年","明侯","？","？","见于《纪元编》。"
"唐朝","南诏及大理","大理","大理上德帝","段廉义","1075年－1080年","上德","1076年","1年",""
"唐朝","南诏及大理","大理","大理上德帝","段廉义","1075年－1080年","广安","1077年－1080年","4年",""
"唐朝","南诏及大理","大理","大理上明帝","段寿辉","1080年－1081年","上明","1081年","1年","倪辂《南诏野史》作太明。"
"唐朝","南诏及大理","大理","大理保定帝","段正明","1081年－1094年","保立","1082年","1年","或作保定。李家瑞认为是把谥号误作年号。"
"唐朝","南诏及大理","大理","大理保定帝","段正明","1081年－1094年","建安","1083年－1091年","9年",""
"唐朝","南诏及大理","大理","大理保定帝","段正明","1081年－1094年","天祐","1091年－1093年","3年",""
"唐朝","南诏及大理","大中","高升泰","","1094年－1095年","上治","1094年－1095年","2年",""
"唐朝","南诏及大理","后大理","大理中宗","段正淳","1096年－1108年","天授","1096年","1年",""
"唐朝","南诏及大理","后大理","大理中宗","段正淳","1096年－1108年","明开","1097年－1103年","7年","误作开明。"
"唐朝","南诏及大理","后大理","大理中宗","段正淳","1096年－1108年","天政","1103年－1104年","2年","或作天正。"
"唐朝","南诏及大理","后大理","大理中宗","段正淳","1096年－1108年","文安","1104年－1108年","5年",""
"唐朝","南诏及大理","后大理","大理宪宗","段正严","1108年－1147年","日新","1108年－1109年","2年",""
"唐朝","南诏及大理","后大理","大理宪宗","段正严","1108年－1147年","文治","1110年－1121年","12年","《滇载记》等书无此年号。《纪元编》则列在广运之后。李崇智从《滇云历年传》和胡蔚《野史》，列于日新和永嘉之间。"
"唐朝","南诏及大理","后大理","大理宪宗","段正严","1108年－1147年","嘉永","1122年－1128年","7年","上海博物馆收藏的阿嵯耶观音像作嘉永，云南文献作永嘉，《纪元编》注云“一作文嘉”。"
"唐朝","南诏及大理","后大理","大理宪宗","段正严","1108年－1147年","保天","1129年－1137年","9年","或作天保。"
"唐朝","南诏及大理","后大理","大理宪宗","段正严","1108年－1147年","广运","1138年－1147年","10年",""
"唐朝","南诏及大理","后大理","大理景宗","段正兴","1147年─1171年","永贞","1147年－1148年","2年","即位当年改元。"
"唐朝","南诏及大理","后大理","大理景宗","段正兴","1147年─1171年","大宝","1149年－1156年","8年","或作天宝、人宝。"
"唐朝","南诏及大理","后大理","大理景宗","段正兴","1147年─1171年","龙兴","1157年－1161年","5年",""
"唐朝","南诏及大理","后大理","大理景宗","段正兴","1147年─1171年","盛明","1162年－1163年","2年","《纪元编》称一作“建德”。"
"唐朝","南诏及大理","后大理","大理景宗","段正兴","1147年─1171年","建德","1164年－1171年","8年",""
"唐朝","南诏及大理","后大理","大理宣宗","段智兴","1172年－1200年","利贞","1172年－1175年","4年","《桂海虞衡志》作“利正”。"
"唐朝","南诏及大理","后大理","大理宣宗","段智兴","1172年－1200年","盛德","1176年－1180年","5年","倪辂《南诏野史》作“亨时”。"
"唐朝","南诏及大理","后大理","大理宣宗","段智兴","1172年－1200年","嘉会","1181年－1184年","4年","倪辂《南诏野史》作“元嘉”。"
"唐朝","南诏及大理","后大理","大理宣宗","段智兴","1172年－1200年","元亨","1185年－1195年","11年","误作“亨利”。"
"唐朝","南诏及大理","后大理","大理宣宗","段智兴","1172年－1200年","定安","1195年四月后－1200年七月","6年","云南文献作安定。"
"唐朝","南诏及大理","后大理","大理宣宗","段智兴","1172年－1200年","亨时","？","？","见于《纪元编》。"
"唐朝","南诏及大理","后大理","大理亨天帝","段智廉","1200年－1204年","凤历","1200年八月－？","？","王崧《云南备征志》记载段智廉于南宋庆元六年（1200年）八月即位并改元。"
"唐朝","南诏及大理","后大理","大理亨天帝","段智廉","1200年－1204年","元寿","？－1204年","？",""
"唐朝","南诏及大理","后大理","大理神宗","段智祥","1204年－1238年","天开","1205年－1225年","21年",""
"唐朝","南诏及大理","后大理","大理神宗","段智祥","1204年－1238年","天辅","1226年","1年",""
"唐朝","南诏及大理","后大理","大理神宗","段智祥","1204年－1238年","仁寿","1227年－1238年","12年",""
"唐朝","南诏及大理","后大理","大理孝义帝","段祥兴","1239年－1251年","道隆","1239年－1251年","13年",""
"唐朝","南诏及大理","后大理","大理天定贤王","段兴智","1251年－1254年","天定","1251年－1254年","4年",""
"唐朝","南诏及大理","后大理","大理天定贤王","段兴智","1251年－1254年","利正","？","？","见于李兆洛《纪元编》和胡蔚《南诏野史》。"
"唐朝","南诏及大理","后大理","大理天定贤王","段兴智","1251年－1254年","兴正","？","？","见于李兆洛《纪元编》和胡蔚《南诏野史》。"
"唐朝","南诏及大理","南诏、大理统治地区其他势力","","段思旷","","顺德","？","？","见于罗振玉《校增纪元编》，起讫时间不详。"
"唐朝","南诏及大理","南诏、大理统治地区其他势力","","高贞明","","兴正","1174年","1年",""
"唐朝","南诏及大理","南诏、大理统治地区其他势力","","高妙音护","","至德","1176年","1年",""
"唐朝","南诏及大理","南诏、大理统治地区其他势力","","杨义贞","","广安","？","？","见于倪辂《南诏野史》，《白古通纪浅述》作德安。"
"唐朝","南诏及大理","南诏、大理统治地区其他势力","","？","","大本","？","？","见于《纪元编》，不详何主。"
"唐朝","南诏及大理","南诏、大理统治地区其他势力","","？","","崇兴大宝","？","？","见《玉海》，按南诏无此年号。"
"唐朝","南诏及大理","南诏、大理统治地区其他势力","","？","","越政","？","？","见《玉海》，按大理国无此年号。"
"唐朝","南诏及大理","南诏、大理统治地区其他势力","","？","","隆德","？","？","石宝山有“隆德七年”题记，四川金山诸葛寺有隆德元年造像。"
"唐朝","南诏及大理","南诏、大理统治地区其他势力","","？","","永道","？","？","凤仪国师府《董氏石刻家谱》有“永道三年”记事。"
"唐朝","南诏及大理","南诏、大理统治地区其他势力","","？","","圣□","？","？","见于剑川石锺山石窟沙登箐区2号窟阿嵯耶观音像，背屏左侧榜题“圣□四年壬寅岁，南无琉璃光佛奉为造像施主药师祥妇观音等敬雕”。"
"唐朝","南诏及大理","南诏、大理统治地区其他势力","","？","","建明","？","？","见于大理崇圣寺北塔塔刹宝盖的宝珠北面，刻文为“建明十五年八月十三日……”。"
"五代十国","后梁","后梁","梁太祖","朱温","907年－912年","开平","907年四月－911年四月","5年","闽用此年号。"
"五代十国","后梁","后梁","梁太祖","朱温","907年－912年","乾化","911年五月－913年正月","3年","吴越、闽用此年号。"
"五代十国","后梁","后梁","梁郢王","朱友珪","912年－913年","凤历","913年正月－二月","1年","吴越用此年号。"
"五代十国","后梁","后梁","梁末帝","朱友贞","913年－923年","乾化","913年二月－915年十月","3年","复用朱温乾化年号（三年－五年）。"
"五代十国","后梁","后梁","梁末帝","朱友贞","913年－923年","贞明","915年十一月－921年四月","7年","吴越、闽用此年号。"
"五代十国","后梁","后梁","梁末帝","朱友贞","913年－923年","龙德","921年五月－923年十月","3年","吴越、闽用此年号。"
"五代十国","后梁","后梁统治地区其他势力","","李茂贞","","天复","907年－922年","16年","用唐朝天复年号（七年－二十二年）。"
"五代十国","后梁","后梁统治地区其他势力","","李茂贞","","天祐","922年－924年","3年","用唐朝天祐年号（十九年－二十一年）。"
"五代十国","后梁","后梁统治地区其他势力","","张承奉","","天复","907年－909年","3年","用唐朝天复年号（七年－九年）。"
"五代十国","后梁","后梁统治地区其他势力","","刘守光","","应天","911年八月－913年十一月","3年",""
"五代十国","后唐","前晋","李克用","","907年－908年","天复","907年","1年","用唐朝天复年号（七年）。"
"五代十国","后唐","前晋","李克用","","907年－908年","天祐","907年五月－908年正月","2年","用唐朝天祐年号（四年－五年）。"
"五代十国","后唐","前晋","李存勖","","908年－926年","天祐","908年二月－923年四月","16年","用唐朝天祐年号（五年－二十年）。"
"五代十国","后唐","后唐","唐庄宗","李存勖","908年－926年","同光","923年四月－926年四月","4年","闽、荆南用此年号。"
"五代十国","后唐","后唐","唐明宗","李嗣源","926年－933年","天成","926年四月－930年二月","5年","楚、闽、荆南用此年号。"
"五代十国","后唐","后唐","唐明宗","李嗣源","926年－933年","长兴","930年二月－934年正月","5年","长兴四年（933年）十二月唐闵帝即位沿用。楚、闽、荆南、后蜀用此年号。河东节度使石敬瑭于清泰三年（936年）五月起兵后复用该年号直至十月。"
"五代十国","后唐","后唐","唐闵帝","李从厚","933年－934年","应顺","934年正月－四月","1年","吴越、楚、荆南用此年号。"
"五代十国","后唐","后唐","唐末帝","李从珂","934年－936年","清泰","934年四月－936年闰十一月","3年","吴越、楚、荆南用此年号。"
"五代十国","后晋","后晋","晋高祖","石敬瑭","936年－942年","天福","936年十一月－944年六月","9年","绛州白云洞外刻有佛经，末注“晋天符五年”，疑是“天福” 之误。天福七年（942年）六月晋出帝即位沿用。吴越、楚、荆南用此年号。"
"五代十国","后晋","后晋","晋出帝","石重贵","942年－946年","开运","944年七月－946年","3年","吴越、楚、荆南用此年号。"
"五代十国","后晋","后晋统治地区其他势力","","刘知远","","通容","？","？","《龙池石块记》有“大汉通容元年岁在甲辰（944年）”字样。陆耀遹谓后晋改元开运之初，刘知远自号通容，梁玉绳谓是汉隐帝追改后晋开运年号。"
"五代十国","后汉","后汉","汉高祖","刘知远","947年－948年","天福","947年二月－十二月","1年","沿用后晋天福年号（十二年）。吴越、荆南、楚用此年号。"
"五代十国","后汉","后汉","汉高祖","刘知远","947年－948年","乾祐","948年－950年","3年","乾祐元年（948年）二月汉隐帝刘承祐即位沿用。吴越、荆南、楚、北汉用此年号。"
"五代十国","后周","后周","周太祖","郭威","951年－954年","广顺","951年－953年","3年","吴越、荆南用此年号。"
"五代十国","后周","后周","周太祖","郭威","951年－954年","显德","954年－960年正月","7年","显德元年（954年）正月周世宗柴荣即位沿用；显德六年（959年）六月周恭帝柴宗训即位沿用。南唐、荆南、吴越用此年号。"
"五代十国","吴","吴","吴烈祖","杨渥","907年－908年","天祐","907年－908年四月","2年","用唐朝天祐年号（四年－五年）。"
"五代十国","吴","吴","吴高祖","杨隆演","908年－920年","天祐","908年五月－919年","12年","用唐朝天祐年号（五年－十六年）。"
"五代十国","吴","吴","吴高祖","杨隆演","908年－920年","武义","919年四月－921年正月","3年","或作颁义。武义二年（921年）五月杨溥即位沿用。"
"五代十国","吴","吴","吴睿帝","杨溥","920年－937年","顺义","921年二月－927年十月","7年",""
"五代十国","吴","吴","吴睿帝","杨溥","920年－937年","乾贞","927年十一月－929年十月","3年","荆南用此年号。"
"五代十国","吴","吴","吴睿帝","杨溥","920年－937年","大和","929年十一月－935年八月","7年",""
"五代十国","吴","吴","吴睿帝","杨溥","920年－937年","天祚","935年九月－937年十月","3年",""
"五代十国","南唐","南唐","唐烈祖","李昪","937年－943年","昇元","937年十月－943年二月","7年","或作升元。"
"五代十国","南唐","南唐","唐元宗","李璟","943年－961年","保大","943年三月－957年","15年","马楚用此年号。"
"五代十国","南唐","南唐","唐元宗","李璟","943年－961年","中兴","958年正月－二月","1年",""
"五代十国","南唐","南唐","唐元宗","李璟","943年－961年","交泰","958年三月－五月","1年","《唐余纪传》记载使用至四年。"
"五代十国","南唐","南唐","唐元宗","李璟","943年－961年","显德","958年五月－960年","3年","用后周显德年号（五年－七年）。"
"五代十国","南唐","南唐","唐元宗","李璟","943年－961年","建隆","960年正月－961年六月","2年","用北宋建隆年号（元年－二年）。"
"五代十国","南唐","南唐","唐后主","李煜","961年－975年","建隆","961年七月－963年十一月","3年","用北宋建隆年号（二年－四年）。"
"五代十国","南唐","南唐","唐后主","李煜","961年－975年","乾德","963年十一月－968年十一月","6年","用北宋乾德年号（元年－六年）。"
"五代十国","南唐","南唐","唐后主","李煜","961年－975年","开宝","968年十一月－974年闰十月","7年","用北宋开宝年号（元年－七年）。开宝七年（974年）闰十月去宋年号，改用干支纪年。"
"五代十国","吴越","吴越","吴越太祖","钱镠","907年－932年","天祐","907年五月","1年","用唐朝天祐年号（四年）。"
"五代十国","吴越","吴越","吴越太祖","钱镠","907年－932年","天宝","908年－912年","5年",""
"五代十国","吴越","吴越","吴越太祖","钱镠","907年－932年","凤历","913年正月","1年","用后梁凤历年号（元年）。"
"五代十国","吴越","吴越","吴越太祖","钱镠","907年－932年","乾化","913年二月－915年十月","3年","用后梁乾化年号（三年－五年）。"
"五代十国","吴越","吴越","吴越太祖","钱镠","907年－932年","贞明","915年十一月－921年四月","7年","用后梁贞明年号（元年－七年）。"
"五代十国","吴越","吴越","吴越太祖","钱镠","907年－932年","龙德","921年五月－923年","3年","用后梁龙德年号（元年－三年）。"
"五代十国","吴越","吴越","吴越太祖","钱镠","907年－932年","宝大","924年－925年","2年","或作宝太。"
"五代十国","吴越","吴越","吴越太祖","钱镠","907年－932年","宝正","926年－931年","6年","或作宝贞、保贞。"
"五代十国","吴越","吴越","吴越太祖","钱镠","907年－932年","广初","？","？","见于《玉海》，不详何时。"
"五代十国","吴越","吴越","吴越太祖","钱镠","907年－932年","正明","？","？","见于《纪元编》，不详何时。"
"五代十国","吴越","吴越","吴越世宗","钱元瓘","932年－941年","长兴","932年四月－933年","2年","用后唐长兴年号（三年－四年）。"
"五代十国","吴越","吴越","吴越世宗","钱元瓘","932年－941年","应顺","934年正月－四月","1年","用后唐应顺年号（元年）。"
"五代十国","吴越","吴越","吴越世宗","钱元瓘","932年－941年","清泰","934年四月－936年闰十一月","3年","用后唐清泰年号（元年－三年）。"
"五代十国","吴越","吴越","吴越世宗","钱元瓘","932年－941年","天福","936年十一月－941年","6年","用后晋天福年号（元年－六年）。"
"五代十国","吴越","吴越","吴越成宗","钱弘佐","941年－947年","天福","941年九月－944年六月","4年","用后晋天福年号（六年－九年）。"
"五代十国","吴越","吴越","吴越成宗","钱弘佐","941年－947年","开运","944年七月－946年","3年","用后晋开运年号（元年－三年）。"
"五代十国","吴越","吴越","吴越成宗","钱弘佐","941年－947年","会同","947年","1年","用辽会同年号（十年）。"
"五代十国","吴越","吴越","吴越忠逊王","钱弘倧","947年","会同","947年六月－闰七月","1年","用辽会同年号（十年）"
"五代十国","吴越","吴越","吴越忠逊王","钱弘倧","947年","天福","947年八月－十二月","1年","用后晋天福年号（十二年）。"
"五代十国","吴越","吴越","吴越忠懿王","钱弘俶","948年－978年","乾祐","948年－950年","3年","用后汉乾祐年号（元年－三年）。"
"五代十国","吴越","吴越","吴越忠懿王","钱弘俶","948年－978年","广顺","951年－953年","3年","用后周广顺年号（元年－三年）。"
"五代十国","吴越","吴越","吴越忠懿王","钱弘俶","948年－978年","显德","954年－960年正月","7年","用后周显德年号（元年－七年）。"
"五代十国","吴越","吴越","吴越忠懿王","钱弘俶","948年－978年","建隆","960年－963年十一月","4年","用北宋建隆年号（元年－四年）。"
"五代十国","吴越","吴越","吴越忠懿王","钱弘俶","948年－978年","乾德","963年十一月－968年十一月","6年","用北宋乾德年号（元年－六年）。"
"五代十国","吴越","吴越","吴越忠懿王","钱弘俶","948年－978年","开宝","968年十一月－976年","9年","用北宋开宝年号（元年－九年）。"
"五代十国","吴越","吴越","吴越忠懿王","钱弘俶","948年－978年","太平兴国","976年十二月－978年五月","3年","用北宋太平兴国年号（元年－三年）。"
"五代十国","楚","楚","楚武穆王","马殷","907年－930年","天成","927年六月－930年","4年","用后唐天成年号（二年－四年）。"
"五代十国","楚","楚","楚衡阳王","马希声","930年－932年","长兴","930年十一月－932年六月","3年","用后唐长兴年号（元年－三年）。"
"五代十国","楚","楚","楚文昭王","马希范","932年－947年","长兴","932年七月－933年","2年","用后唐长兴年号（三年－四年）。"
"五代十国","楚","楚","楚文昭王","马希范","932年－947年","应顺","934年正月－四月","1年","用后唐应顺年号（元年）。"
"五代十国","楚","楚","楚文昭王","马希范","932年－947年","清泰","934年四月－936年闰十一月","3年","用后唐清泰年号（元年－三年）。"
"五代十国","楚","楚","楚文昭王","马希范","932年－947年","天福","936年十一月－944年六月","9年","用后晋天福年号（元年－九年）。"
"五代十国","楚","楚","楚文昭王","马希范","932年－947年","开运","944年七月－946年","3年","用后晋开运年号（元年－三年）。"
"五代十国","楚","楚","楚废王","马希广","947年－950年","天福","947年四月","1年","用后晋天福年号（十二年）。"
"五代十国","楚","楚","楚废王","马希广","947年－950年","乾祐","948年－950年十一月","3年","用后汉乾祐年号（元年－三年）。"
"五代十国","楚","楚","楚恭孝王","马希萼","950年－951年","保大","950年十二月－951年十一月","2年","用南唐保大年号（八年－九年）。"
"五代十国","闽","闽","闽太祖","王审知","909年－925年","开平","909年四月－911年四月","3年","用后梁开平年号（三年－五年）。"
"五代十国","闽","闽","闽太祖","王审知","909年－925年","乾化","911年五月－915年七月","5年","用后梁乾化年号（元年－五年）。"
"五代十国","闽","闽","闽太祖","王审知","909年－925年","贞明","915年十一月－921年四月","7年","用后梁贞明年号（元年－七年）。"
"五代十国","闽","闽","闽太祖","王审知","909年－925年","龙德","921年五月－923年三月","3年","用后梁龙德年号（元年－三年）。"
"五代十国","闽","闽","闽太祖","王审知","909年－925年","同光","923年四月－925年","3年","用后唐同光年号（元年－三年）。"
"五代十国","闽","闽","闽嗣王","王延翰","925年－926年","天成","926年","1年","用后唐天成年号（元年）。"
"五代十国","闽","闽","闽惠宗","王延钧","926年－935年","天成","926年十二月－930年二月","5年","用后唐天成年号（元年－五年）。"
"五代十国","闽","闽","闽惠宗","王延钧","926年－935年","长兴","930年二月－932年","3年","用后唐长兴年号（元年－三年）。"
"五代十国","闽","闽","闽惠宗","王延钧","926年－935年","龙启","933年－934年","2年",""
"五代十国","闽","闽","闽惠宗","王延钧","926年－935年","永和","935年－936年二月","2年",""
"五代十国","闽","闽","闽康宗","王继鹏","935年－939年","通文","936年三月－939年七月","4年",""
"五代十国","闽","闽","闽景宗","王延羲","939年－944年","永隆","939年闰七月－944年三月","6年",""
"五代十国","闽","闽","闽天德帝","王延政","943年－945年","天德","943年二月－945年八月","3年",""
"五代十国","闽","闽统治地区其他势力","","朱文进","","天福","944年八月－闰十二月","6个月","用后晋天福年号（九年）。"
"五代十国","闽","闽统治地区其他势力","","卓俨明","","天福","945年三月－五月","3个月","用后晋天福年号（十年）。"
"五代十国","闽","闽统治地区其他势力","","李仁达","","保大","945年五月－946年","2年","用南唐保大年号（三年－四年）。"
"五代十国","南汉","南汉","汉高祖","刘䶮","917年－942年","乾亨","917年七月－925年十一月","9年",""
"五代十国","南汉","南汉","汉高祖","刘䶮","917年－942年","白龙","925年十二月－928年二月","4年",""
"五代十国","南汉","南汉","汉高祖","刘䶮","917年－942年","大有","928年三月－942年三月","15年",""
"五代十国","南汉","南汉","汉殇帝","刘玢","942年－943年","光天","942年四月－943年二月","2年",""
"五代十国","南汉","南汉","汉中宗","刘晟","943年－958年","应乾","943年三月－十月","1年",""
"五代十国","南汉","南汉","汉中宗","刘晟","943年－958年","乾和","943年十一月－958年七月","16年",""
"五代十国","南汉","南汉","汉后主","刘𬬮","958年－971年","大宝","958年八月－971年二月","14年",""
"五代十国","南汉","南汉统治地区其他势力","","刘隐","","景定","？","？","《明人史纂》谓刘隐曾建元景定，有误。"
"五代十国","南汉","南汉统治地区其他势力","","张遇贤","","永乐","942年七月－943年十月","2年","或作长乐。"
"五代十国","前蜀","前蜀","蜀高祖","王建","907年－918年","天复","907年九月－十二月","1年","用唐朝天复年号（七年）。"
"五代十国","前蜀","前蜀","蜀高祖","王建","907年－918年","武成","908年－910年","3年",""
"五代十国","前蜀","前蜀","蜀高祖","王建","907年－918年","永平","911年－915年","5年",""
"五代十国","前蜀","前蜀","蜀高祖","王建","907年－918年","通正","916年","1年",""
"五代十国","前蜀","前蜀","蜀高祖","王建","907年－918年","天汉","917年","1年",""
"五代十国","前蜀","前蜀","蜀高祖","王建","907年－918年","光天","918年","1年","或作光大、广大。光天元年（918年）六月王衍即位沿用。"
"五代十国","前蜀","前蜀","蜀后主","王衍","918年－925年","乾德","919年－924年","6年",""
"五代十国","前蜀","前蜀","蜀后主","王衍","918年－925年","咸康","925年正月－十一月","1年",""
"五代十国","后蜀","后蜀","蜀高祖","孟知祥","934年","长兴","934年闰正月－四月","1年","用后唐长兴年号（五年）。"
"五代十国","后蜀","后蜀","蜀高祖","孟知祥","934年","明德","934年四月－937年","4年","明德元年（934年）七月孟昶即位沿用。"
"五代十国","后蜀","后蜀","蜀后主","孟昶","934年－965年","广政","938年－965年正月","28年",""
"五代十国","荆南","荆南（南平）","楚武信王","高季兴","924年－929年","同光","924年三月－926年四月","3年","用后唐同光年号（二年－四年）。"
"五代十国","荆南","荆南（南平）","楚武信王","高季兴","924年－929年","天成","926年四月－928年六月","3年","用后唐天成年号（元年－三年）。"
"五代十国","荆南","荆南（南平）","楚武信王","高季兴","924年－929年","乾贞","928年六月－十二月","1年","用南吴乾贞年号（二年）。"
"五代十国","荆南","荆南（南平）","南平文献王","高从诲","928年－948年","乾贞","929年正月－六月","1年","用南吴乾贞年号（三年）。"
"五代十国","荆南","荆南（南平）","南平文献王","高从诲","928年－948年","天成","929年七月－930年正月","2年","用后唐天成年号（四年－五年）。"
"五代十国","荆南","荆南（南平）","南平文献王","高从诲","928年－948年","长兴","930年二月－933年","4年","用后唐长兴年号（元年－四年）。"
"五代十国","荆南","荆南（南平）","南平文献王","高从诲","928年－948年","应顺","934年正月－四月","1年","用后唐应顺年号（元年）。"
"五代十国","荆南","荆南（南平）","南平文献王","高从诲","928年－948年","清泰","934年四月－936年十一月","3年","用后唐清泰年号（元年－三年）。"
"五代十国","荆南","荆南（南平）","南平文献王","高从诲","928年－948年","天福","936年十一月－944年六月","9年","用后晋天福年号（元年－九年）。"
"五代十国","荆南","荆南（南平）","南平文献王","高从诲","928年－948年","开运","944年七月－946年","3年","用后晋开运年号（元年－三年）。"
"五代十国","荆南","荆南（南平）","南平文献王","高从诲","928年－948年","天福","947年","1年","用后晋天福年号（十二年）。"
"五代十国","荆南","荆南（南平）","南平文献王","高从诲","928年－948年","乾祐","948年正月－十月","1年","用后汉乾祐年号（元年）。"
"五代十国","荆南","荆南（南平）","南平贞懿王","高保融","948年－960年","乾祐","948年十一月－950年","3年","用后汉乾祐年号（元年－三年）。"
"五代十国","荆南","荆南（南平）","南平贞懿王","高保融","948年－960年","广顺","951年－953年","3年","用后周广顺年号（元年－三年）。"
"五代十国","荆南","荆南（南平）","南平贞懿王","高保融","948年－960年","显德","954年－960年七月","7年","用后周显德年号（元年－七年）。"
"五代十国","荆南","荆南（南平）","高保勗","","960年－962年","建隆","960年八月－962年十月","3年","用北宋建隆年号（元年－三年）。"
"五代十国","荆南","荆南（南平）","高继冲","","962年－963年","建隆","962年十一月－963年五月","2年","用北宋建隆年号（三年－四年）。"
"五代十国","北汉","北汉","汉世祖","刘旻","951年－954年","乾祐","951年－954年十月","4年","用后汉乾祐年号（四年－七年）。"
"五代十国","北汉","北汉","汉睿宗","刘钧","954年－968年","乾祐","954年十一月－956年","3年","用后汉乾祐年号（七年－九年）。"
"五代十国","北汉","北汉","汉睿宗","刘钧","954年－968年","天会","957年－973年","17年","天会十二年（968年）七月刘继恩沿用；九月刘继元沿用。"
"五代十国","北汉","北汉","汉英武帝","刘继元","968年－979年","广运","974年－979年五月","6年",""
"宋朝","北宋","北宋","宋太祖","赵匡胤","960年－976年","建隆","960年正月－963年十一月","4年","南唐、吴越、荆南用此年号。"
"宋朝","北宋","北宋","宋太祖","赵匡胤","960年－976年","乾德","963年十一月－968年十一月","6年","南唐、吴越用此年号。"
"宋朝","北宋","北宋","宋太祖","赵匡胤","960年－976年","开宝","968年十一月－976年十二月","9年","开宝九年（976年）十月宋太宗即位沿用。南唐、吴越用此年号。"
"宋朝","北宋","北宋","宋太宗","赵光义","976年－997年","太平兴国","976年十二月－984年十一月","9年","吴越用此年号。"
"宋朝","北宋","北宋","宋太宗","赵光义","976年－997年","雍熙","984年十一月－987年","4年",""
"宋朝","北宋","北宋","宋太宗","赵光义","976年－997年","端拱","988年正月－989年","2年",""
"宋朝","北宋","北宋","宋太宗","赵光义","976年－997年","淳化","990年－994年","5年",""
"宋朝","北宋","北宋","宋太宗","赵光义","976年－997年","至道","995年－997年","3年","至道三年（997年）三月宋真宗即位沿用。"
"宋朝","北宋","北宋","宋真宗","赵恒","997年－1022年","咸平","998年－1003年","6年",""
"宋朝","北宋","北宋","宋真宗","赵恒","997年－1022年","景德","1004年－1007年","4年",""
"宋朝","北宋","北宋","宋真宗","赵恒","997年－1022年","大中祥符","1008年正月－1016年","9年",""
"宋朝","北宋","北宋","宋真宗","赵恒","997年－1022年","天禧","1017年－1021年","5年",""
"宋朝","北宋","北宋","宋真宗","赵恒","997年－1022年","乾兴","1022年","1年","乾兴元年（1022年）二月宋仁宗即位沿用。"
"宋朝","北宋","北宋","宋仁宗","赵祯","1022年－1063年","天圣","1023年－1032年十一月","10年",""
"宋朝","北宋","北宋","宋仁宗","赵祯","1022年－1063年","明道","1032年十一月－1033年","2年",""
"宋朝","北宋","北宋","宋仁宗","赵祯","1022年－1063年","景祐","1034年－1038年十一月","5年",""
"宋朝","北宋","北宋","宋仁宗","赵祯","1022年－1063年","宝元","1038年十一月－1040年二月","3年",""
"宋朝","北宋","北宋","宋仁宗","赵祯","1022年－1063年","康定","1040年二月－1041年十一月","2年",""
"宋朝","北宋","北宋","宋仁宗","赵祯","1022年－1063年","庆历","1041年十一月－1048年","8年",""
"宋朝","北宋","北宋","宋仁宗","赵祯","1022年－1063年","皇祐","1049年－1054年三月","6年",""
"宋朝","北宋","北宋","宋仁宗","赵祯","1022年－1063年","至和","1054年四月－1056年九月","3年",""
"宋朝","北宋","北宋","宋仁宗","赵祯","1022年－1063年","嘉祐","1056年九月－1063年","8年","嘉祐八年（1063年）四月宋英宗即位沿用。"
"宋朝","北宋","北宋","宋英宗","赵曙","1063年－1067年","治平","1064年－1067年","4年","治平四年（1067年）正月宋神宗即位沿用。"
"宋朝","北宋","北宋","宋神宗","赵顼","1067年－1085年","熙宁","1068年－1077年","10年",""
"宋朝","北宋","北宋","宋神宗","赵顼","1067年－1085年","元丰","1078年－1085年","8年","元丰八年（1085年）三月宋哲宗即位沿用。"
"宋朝","北宋","北宋","宋哲宗","赵煦","1085年－1100年","元祐","1086年－1094年四月","9年",""
"宋朝","北宋","北宋","宋哲宗","赵煦","1085年－1100年","绍圣","1094年四月－1098年五月","5年","《昭仁寺碑》宋人张重题字误作“昭圣”。"
"宋朝","北宋","北宋","宋哲宗","赵煦","1085年－1100年","元符","1098年六月－1100年","3年","元符三年（1100年）正月宋徽宗即位沿用。"
"宋朝","北宋","北宋","宋徽宗","赵佶","1100年－1125年","建中靖国","1101年","1年",""
"宋朝","北宋","北宋","宋徽宗","赵佶","1100年－1125年","崇宁","1102年－1106年","5年",""
"宋朝","北宋","北宋","宋徽宗","赵佶","1100年－1125年","大观","1107年－1110年","4年",""
"宋朝","北宋","北宋","宋徽宗","赵佶","1100年－1125年","政和","1111年－1118年十月","8年",""
"宋朝","北宋","北宋","宋徽宗","赵佶","1100年－1125年","重和","1118年十一月－1119年正月","2年",""
"宋朝","北宋","北宋","宋徽宗","赵佶","1100年－1125年","宣和","1119年二月－1125年","7年","宣和七年（1125年）十二月宋钦宗即位沿用。"
"宋朝","北宋","北宋","宋钦宗","赵桓","1126年－1127年","靖康","1126年－1127年四月","2年","靖康二年（1127年）正月金人软禁宋钦宗，二月废为庶人。"
"宋朝","北宋","北宋统治地区出现的其他势力","","李顺","","应运","994年正月－五月","5个月",""
"宋朝","北宋","北宋统治地区出现的其他势力","","李顺","","应感","？","？","1939年四川简阳胡家场出土的宋代铁钱，其中一枚为“应感通宝”，有人认为“殆李顺建元应运在前，改元应感在后”。按此说不可靠，李顺并未改元应感。"
"宋朝","北宋","北宋统治地区出现的其他势力","","王均","","化顺","1000年正月－十月","10个月",""
"宋朝","北宋","北宋统治地区出现的其他势力","","王伦","","？？","1043年五月－七月","3个月","史书记载建立年号，名称不明。"
"宋朝","北宋","北宋统治地区出现的其他势力","","王则","","得圣","1047年十一月－1048年闰正月","4个月","或作得胜、德胜、得天。改十二月为正月。"
"宋朝","北宋","北宋统治地区出现的其他势力","","侬智高","","景瑞","1049年－1052年四月","4年",""
"宋朝","北宋","北宋统治地区出现的其他势力","","侬智高","","启历","1052年五月－1053年正月","7个月",""
"宋朝","北宋","北宋统治地区出现的其他势力","","侬智高","","端懿","？","？","启历年号在他书的名称。"
"宋朝","北宋","北宋统治地区出现的其他势力","","侬智高","","大历","？","？","李崇智认为是侬智高国号。"
"宋朝","北宋","北宋统治地区出现的其他势力","","赵谂","","隆兴","？","？","或作龙兴。并未使用。"
"宋朝","北宋","北宋统治地区出现的其他势力","","方腊","","永乐","1120年十一月－1121年四月","2年",""
"宋朝","北宋","北宋统治地区出现的其他势力","","？","","风和","？","？","见庄绰《鸡肋编》，言颍昌府城东北门有铁铸字“风和二年六月造”，不知何代纪元。"
"宋朝","南宋","南宋","宋高宗","赵构","1127年－1162年","建炎","1127年五月－1130年","4年",""
"宋朝","南宋","南宋","宋高宗","赵构","1127年－1162年","绍兴","1131年－1162年","32年","绍兴三十二年（1162年）六月宋孝宗即位沿用。"
"宋朝","南宋","南宋","宋孝宗","赵昚","1162年－1189年","隆兴","1163年－1164年","2年",""
"宋朝","南宋","南宋","宋孝宗","赵昚","1162年－1189年","乾道","1165年－1173年","9年",""
"宋朝","南宋","南宋","宋孝宗","赵昚","1162年－1189年","纯熙","原定","乾道九年（1173年）十一月诏告明年改元纯熙，后更改为淳熙。",""
"宋朝","南宋","南宋","宋孝宗","赵昚","1162年－1189年","淳熙","1174年－1189年","16年","淳熙十六年（1189年）二月宋光宗即位沿用。"
"宋朝","南宋","南宋","宋光宗","赵惇","1189年－1194年","绍熙","1190年－1194年","5年","绍熙五年（1194年）七月宋宁宗即位。"
"宋朝","南宋","南宋","宋宁宗","赵扩","1194年－1224年","庆元","1195年－1200年","6年",""
"宋朝","南宋","南宋","宋宁宗","赵扩","1194年－1224年","嘉泰","1201年－1204年","4年",""
"宋朝","南宋","南宋","宋宁宗","赵扩","1194年－1224年","开禧","1205年－1207年","3年",""
"宋朝","南宋","南宋","宋宁宗","赵扩","1194年－1224年","嘉定","1208年－1224年","17年","嘉定十七年（1224年）闰八月宋理宗即位。"
"宋朝","南宋","南宋","宋理宗","赵昀","1224年－1264年","宝庆","1225年－1227年","3年",""
"宋朝","南宋","南宋","宋理宗","赵昀","1224年－1264年","绍定","1228年－1233年","6年",""
"宋朝","南宋","南宋","宋理宗","赵昀","1224年－1264年","端平","1234年－1236年","3年",""
"宋朝","南宋","南宋","宋理宗","赵昀","1224年－1264年","嘉熙","1237年－1240年","4年",""
"宋朝","南宋","南宋","宋理宗","赵昀","1224年－1264年","淳祐","1241年－1252年","12年",""
"宋朝","南宋","南宋","宋理宗","赵昀","1224年－1264年","宝祐","1253年－1258年","6年",""
"宋朝","南宋","南宋","宋理宗","赵昀","1224年－1264年","开庆","1259年","1年",""
"宋朝","南宋","南宋","宋理宗","赵昀","1224年－1264年","景定","1260年－1264年","5年","景定五年（1264年）十月宋度宗即位。"
"宋朝","南宋","南宋","宋度宗","赵禥","1264年－1274年","咸淳","1265年－1274年","10年","咸淳十年（1274年）七月宋恭帝即位。"
"宋朝","南宋","南宋","宋恭帝","赵㬎","1274年－1276年","德祐","1275年－1276年四月","2年",""
"宋朝","南宋","南宋","宋端宗","赵昰","1276年－1278年","景炎","1276年五月－1278年四月","3年",""
"宋朝","南宋","南宋","宋少帝","赵昺","1278年－1279年","祥兴","1278年五月－1279年二月","2年",""
"宋朝","南宋","南宋统治地区其他势力","","赵旉","","明受","1129年三月－四月","2个月",""
"宋朝","南宋","南宋统治地区其他势力","","锺相","","天载","1130年二月－三月","2个月","或作天战。"
"宋朝","南宋","南宋统治地区其他势力","","陈万","","天战","？","？","不详何时。"
"宋朝","南宋","南宋统治地区其他势力","","李合戎、雷进","","正法","？","？","大约在建炎年间。"
"宋朝","南宋","南宋统治地区其他势力","","雷进","","人知","？","？","或作“人和”，大约在建炎年间。"
"宋朝","南宋","南宋统治地区其他势力","","李婆备","","太平","？","？","大约在建炎年间。"
"宋朝","南宋","南宋统治地区其他势力","","刘豫","","阜昌","1130年十一月－1137年十一月","8年",""
"宋朝","南宋","南宋统治地区其他势力","","杨幺","","大圣天王","1133年四月－1135年六月","3年","或作大天圣正。"
"宋朝","南宋","南宋统治地区其他势力","","杨幺","","庚戌","？","？",""
"宋朝","南宋","南宋统治地区其他势力","","王法恩","","罗平","1141年六月","1个月",""
"宋朝","南宋","南宋统治地区其他势力","","阿谢","","乾贞","1176年","1年","《南宋文范》作乾正。"
"宋朝","南宋","南宋统治地区其他势力","","李接","","罗平","1179年六月－十月","5个月",""
"宋朝","南宋","南宋统治地区其他势力","","吴曦","","转运","1207年正月－二月","2个月",""
"宋朝","南宋","南宋统治地区其他势力","","廖森","","重德","1229年","1年",""
"宋朝","南宋","南宋统治地区其他势力","","李子扬","","龙兴","？","？","李崇智认为或与后赵侯子光龙兴年号混淆。"
"宋朝","南宋","南宋统治地区其他势力","","徐真一","","天定","？","？","李崇智认为元末徐寿辉又名徐真一，建元天定，疑为误记。"
"辽朝","辽朝","辽朝","辽太祖","耶律亿","907年－926年","天祐","907年－916年二月","10年","用唐朝天祐年号（四年－十三年）。"
"辽朝","辽朝","辽朝","辽太祖","耶律亿","907年－926年","神册","916年二月－922年二月","7年",""
"辽朝","辽朝","辽朝","辽太祖","耶律亿","907年－926年","天赞","922年二月－926年二月","5年",""
"辽朝","辽朝","辽朝","辽太祖","耶律亿","907年－926年","天显","926年二月－938年十一月","13年","天显元年（926年）七月辽太祖逝世，述律皇后摄政。至天显二年（927年）十一月辽太宗即位沿用。"
"辽朝","辽朝","辽朝","辽太宗","耶律德光","927年－947年","会同","938年十一月－947年正月","10年","吴越用此年号。"
"辽朝","辽朝","辽朝","辽太宗","耶律德光","927年－947年","大同","947年二月－九月","1年","大同元年（947年）四月辽世宗即位沿用。"
"辽朝","辽朝","辽朝","辽世宗","耶律阮","947年－951年","天禄","947年九月－951年九月","5年",""
"辽朝","辽朝","辽朝","辽穆宗","耶律璟","951年－969年","应历","951年九月－969年二月","19年",""
"辽朝","辽朝","辽朝","辽景宗","耶律贤","969年－982年","保宁","969年二月－979年十一月","11年",""
"辽朝","辽朝","辽朝","辽景宗","耶律贤","969年－982年","乾亨","979年十一月－983年六月","5年","乾亨四年（982年）九月辽圣宗即位沿用。"
"辽朝","辽朝","辽朝","辽圣宗","耶律隆绪","982年－1031年","统和","983年六月－1012年闰十月","30年",""
"辽朝","辽朝","辽朝","辽圣宗","耶律隆绪","982年－1031年","开泰","1012年十一月－1021年十一月","10年",""
"辽朝","辽朝","辽朝","辽圣宗","耶律隆绪","982年－1031年","太平","1021年十一月－1031年六月","11年",""
"辽朝","辽朝","辽朝","辽兴宗","耶律宗真","1031年－1055年","景福","1031年六月－1032年十一月","2年",""
"辽朝","辽朝","辽朝","辽兴宗","耶律宗真","1031年－1055年","重熙","1032年十一月－1055年八月","24年","或作重和、崇熙。"
"辽朝","辽朝","辽朝","辽道宗","耶律弘基","1055年－1101年","清宁","1055年八月－1064年","10年",""
"辽朝","辽朝","辽朝","辽道宗","耶律弘基","1055年－1101年","咸雍","1065年－1074年","10年","陈大任《辽史》作咸和，马端临《文献通考》作咸熙。"
"辽朝","辽朝","辽朝","辽道宗","耶律弘基","1055年－1101年","大康","1075年－1084年","10年","或作太康。"
"辽朝","辽朝","辽朝","辽道宗","耶律弘基","1055年－1101年","大安","1085年－1094年","10年",""
"辽朝","辽朝","辽朝","辽道宗","耶律弘基","1055年－1101年","寿昌","1095年－1101年正月","7年","或作寿隆、盛昌。"
"辽朝","辽朝","辽朝","辽天祚帝","耶律延禧","1101年－1125年","乾统","1101年二月－1110年","10年","或作乾通。"
"辽朝","辽朝","辽朝","辽天祚帝","耶律延禧","1101年－1125年","天庆","1111年－1120年","10年","《内兴寺石幢记》误作“天定”。"
"辽朝","辽朝","辽朝","辽天祚帝","耶律延禧","1101年－1125年","保大","1121年－1125年二月","5年",""
"辽朝","辽朝","辽朝统治地区其他势力","","大延琳","","天庆","1029年八月－1030年八月","2年",""
"辽朝","辽朝","辽朝统治地区其他势力","","高永昌","","隆基","1116年正月－五月","5个月","《契丹国志》作应顺。"
"辽朝","辽朝","辽朝统治地区其他势力","","耶律淳","","建福","1122年三月－六月","4个月","或作天福。"
"辽朝","辽朝","辽朝统治地区其他势力","","萧普贤女","","德兴","1122年六月－十二月","7个月",""
"辽朝","辽朝","辽朝统治地区其他势力","","回离保","","天复","1123年正月－八月","8个月",""
"辽朝","辽朝","辽朝统治地区其他势力","","萧干","","天嗣","1123年","1年","或作大嗣、天兴、天阜。李崇智认为萧干与回离保实为一人。"
"辽朝","辽朝","辽朝统治地区其他势力","","耶律雅里","","神历","1123年五月－十月","6个月",""
"辽朝","西辽","西辽","辽德宗","耶律大石","1132年－1143年","延庆","1124年二月－1133年","10年","一作始于1125年。"
"辽朝","西辽","西辽","辽德宗","耶律大石","1132年－1143年","康国","1134年－1143年","10年","一作始于1127年。"
"辽朝","西辽","西辽","辽感天后","萧塔不烟","1143年－1150年","咸清","1144年－1150年","7年","一作始于1136年十一月。"
"辽朝","西辽","西辽","辽感天后","萧塔不烟","1143年－1150年","感天","？","？","清代有钱币“感天元宝”之记载，有人认为是萧塔不烟的年号。然而现代研究认为是越南“天感元宝”之误。"
"辽朝","西辽","西辽","辽仁宗","耶律夷列","1150年－1163年","续兴","1151年－1163年","13年","一作始于1142年十一月。《辽史》作绍兴，吉尔吉斯出土西辽钱币“续兴元宝”，或为辽仁宗的年号。"
"辽朝","西辽","西辽","辽承天后","耶律普速完","1163年－1177年","崇福","1164年－1177年","14年","一作始于1154年十二月。"
"辽朝","西辽","西辽","辽承天后","耶律普速完","1163年－1177年","皇德","？","？",""
"辽朝","西辽","西辽","辽承天后","耶律普速完","1163年－1177年","重德","？","？","未详何时。梁玉绳认为耶律大石字重德，重德作为年号是误记。"
"辽朝","西辽","西辽","辽末主","耶律直鲁古","1177年－1211年","天喜","1178年－1211年","34年","一作1168年十一月－1201年。《辽史》作“天禧”，据吉尔吉斯出土的西辽钱币，实际作“天喜”。"
"西夏","西夏","西夏","夏景宗","李元昊","1032年－1048年","显道","1032年十一月－1034年六月","3年","宋仁宗改元明道，李元昊为避父亲李德明讳而称显道。"
"西夏","西夏","西夏","夏景宗","李元昊","1032年－1048年","开运","1034年七月","1年",""
"西夏","西夏","西夏","夏景宗","李元昊","1032年－1048年","广运","1034年八月－1036年","3年","《续资治通鉴长编》又误作广庆。"
"西夏","西夏","西夏","夏景宗","李元昊","1032年－1048年","大庆","1036年十二月－1038年九月","3年",""
"西夏","西夏","西夏","夏景宗","李元昊","1032年－1048年","天授礼法延祚","1038年十月－1048年","11年","或作天授、天授理法延祚。天授礼法延祚十一年（1048年）正月夏毅宗即位沿用。"
"西夏","西夏","西夏","夏景宗","李元昊","1032年－1048年","广熙","？","？","见于《纪元编》。"
"西夏","西夏","西夏","夏景宗","李元昊","1032年－1048年","广民","？","？","见于《纪元编》。"
"西夏","西夏","西夏","夏景宗","李元昊","1032年－1048年","元延","？","？","见于《纪元韵览》。"
"西夏","西夏","西夏","夏毅宗","李谅祚","1048年－1067年","延嗣宁国","1049年","1年","或作宁国。"
"西夏","西夏","西夏","夏毅宗","李谅祚","1048年－1067年","天祐垂圣","1050年－1052年","3年","或作垂圣。"
"西夏","西夏","西夏","夏毅宗","李谅祚","1048年－1067年","福圣承道","1053年－1056年","4年","或作福圣、承道二号。"
"西夏","西夏","西夏","夏毅宗","李谅祚","1048年－1067年","奲都","1057年－1062年","6年",""
"西夏","西夏","西夏","夏毅宗","李谅祚","1048年－1067年","拱化","1063年－1067年","5年","拱化五年（1067年）十二月夏惠宗即位沿用。"
"西夏","西夏","西夏","夏毅宗","李谅祚","1048年－1067年","禀德","？","？","学者陈炳应提出西夏文钱币“福圣宝钱”应译为“禀德宝钱”，是李元昊时期的钱币。又西夏文佛经有“禀德岁”字样，有学者认为应直译为“秉德”，与“承道”词意相通。"
"西夏","西夏","西夏","夏惠宗","李秉常","1067年－1086年","乾道","1068年－1069年","2年",""
"西夏","西夏","西夏","夏惠宗","李秉常","1067年－1086年","天赐礼盛国庆","1069年－1073年","5年","或作天赐国庆，或省书国庆。"
"西夏","西夏","西夏","夏惠宗","李秉常","1067年－1086年","大安","1074年－1084年","11年",""
"西夏","西夏","西夏","夏惠宗","李秉常","1067年－1086年","天安礼定","1085年－1086年","2年","天安礼定二年（1086年）七月夏崇宗即位沿用。"
"西夏","西夏","西夏","夏惠宗","李秉常","1067年－1086年","西安","？","？","见于《纪元编》，或为大安年号之误。"
"西夏","西夏","西夏","夏崇宗","李乾顺","1086年－1139年","天仪治平","1087年－1090年","4年",""
"西夏","西夏","西夏","夏崇宗","李乾顺","1086年－1139年","天祐民安","1090年－1097年","8年","或省书民安。"
"西夏","西夏","西夏","夏崇宗","李乾顺","1086年－1139年","永安","1098年－1100年","3年",""
"西夏","西夏","西夏","夏崇宗","李乾顺","1086年－1139年","贞观","1101年－1113年","13年",""
"西夏","西夏","西夏","夏崇宗","李乾顺","1086年－1139年","雍宁","1114年－1118年","5年",""
"西夏","西夏","西夏","夏崇宗","李乾顺","1086年－1139年","元德","1119年－1126年","8年","或作天德。"
"西夏","西夏","西夏","夏崇宗","李乾顺","1086年－1139年","正德","1127年－1134年","8年",""
"西夏","西夏","西夏","夏崇宗","李乾顺","1086年－1139年","大德","1135年－1139年","5年","大德五年（1139年）六月夏仁宗即位沿用。"
"西夏","西夏","西夏","夏仁宗","李仁孝","1139年－1193年","大庆","1140年－1143年","4年",""
"西夏","西夏","西夏","夏仁宗","李仁孝","1139年－1193年","人庆","1144年－1148年","5年","或作元庆、仁庆。"
"西夏","西夏","西夏","夏仁宗","李仁孝","1139年－1193年","天盛","1149年－1169年","21年",""
"西夏","西夏","西夏","夏仁宗","李仁孝","1139年－1193年","乾祐","1170年－1193年","24年","乾祐二十四年（1193年）九月夏桓宗即位沿用。"
"西夏","西夏","西夏","夏桓宗","李纯祐","1193年－1206年","天庆","1194年－1206年正月","13年",""
"西夏","西夏","西夏","夏襄宗","李安全","1206年－1211年","应天","1206年正月－1209年","4年",""
"西夏","西夏","西夏","夏襄宗","李安全","1206年－1211年","皇建","1210年－1211年八月","2年",""
"西夏","西夏","西夏","夏神宗","李遵顼","1211年－1223年","光定","1211年八月－1223年九月","13年",""
"西夏","西夏","西夏","夏献宗","李德旺","1223年－1226年","乾定","1223年九月－1226年七月","4年",""
"西夏","西夏","西夏","夏末帝","李𪾢","1226年－1227年","宝义","1226年七月－1227年六月","2年","见万光泰《纪元韵叙》，史书未载。"
"西夏","西夏","西夏","夏末帝","李𪾢","1226年－1227年","宝庆","？","？","见于张鉴《西夏纪事本末》。李崇智认为是同期宋理宗“宝庆”年号的误记。"
"西夏","西夏","西夏统治地区其他不详","","","","年号","起讫时间","使用时间","备注"
"西夏","西夏","西夏统治地区其他不详","","","","广僖","？","？","见于《玉海》。"
"西夏","西夏","西夏统治地区其他不详","","","","清平","？","？","见于《玉海》。"
"西夏","西夏","西夏统治地区其他不详","","","","成都","？","？","见于《纪元韵览》。"
"西夏","西夏","西夏统治地区其他不详","","","","大礼平定","？","？","甘肃榆林窟第19窟甬道有“大礼平定四年”的题记，有学者认为是天安礼定之误或是天仪治平的汉字异写。"
"金朝","金朝","金朝","金太祖","完颜旻","1115年－1123年","收国","1115年－1116年","2年",""
"金朝","金朝","金朝","金太祖","完颜旻","1115年－1123年","天辅","1117年－1123年九月","7年",""
"金朝","金朝","金朝","金太宗","完颜晟","1123年－ 1135年","天会","1123年九月－1137年","15年","天会十三年（1135年）正月金熙宗即位沿用。"
"金朝","金朝","金朝","金熙宗","完颜亶","1135年－1149年","天眷","1138年－1140年","3年",""
"金朝","金朝","金朝","金熙宗","完颜亶","1135年－1149年","皇统","1141年正月－1149年十二月","9年",""
"金朝","金朝","金朝","金海陵王","完颜亮","1150年－1161年","天德","1149年十二月－1153年三月","5年",""
"金朝","金朝","金朝","金海陵王","完颜亮","1150年－1161年","贞元","1153年三月－1156年正月","4年",""
"金朝","金朝","金朝","金海陵王","完颜亮","1150年－1161年","正隆","1156年二月－1161年十一月","6年","《金史》正隆六年（1161）十月，完颜雍在辽阳称帝，建元大定。十一月廿七日，金军在扬州哗变，完颜亮被弑。"
"金朝","金朝","金朝","金世宗","完颜雍","1161年－1189年","大定","1161年十月－1189年","29年",""
"金朝","金朝","金朝","金世宗","完颜雍","1161年－1189年","兴庆","？","？","见于张师颜《南迁录》，锺渊映认为是伪书所载不可信。"
"金朝","金朝","金朝","金章宗","完颜璟","1189年－1208年","明昌","1190年－1196年十一月","7年",""
"金朝","金朝","金朝","金章宗","完颜璟","1189年－1208年","承安","1196年十一月－1200年","5年",""
"金朝","金朝","金朝","金章宗","完颜璟","1189年－1208年","泰和","1201年－1208年","8年","泰和八年（1208年）十一月卫绍王即位沿用。"
"金朝","金朝","金朝","金章宗","完颜璟","1189年－1208年","天定","？","？","见于《南迁录》，锺渊映认为是伪书所载不可信。"
"金朝","金朝","金朝","金卫绍王","完颜永济","1208年－1213年","大安","1209年正月－1211年","3年",""
"金朝","金朝","金朝","金卫绍王","完颜永济","1208年－1213年","崇庆","1212年－1213年四月","2年",""
"金朝","金朝","金朝","金卫绍王","完颜永济","1208年－1213年","至宁","1213年五月－九月","1年",""
"金朝","金朝","金朝","金宣宗","完颜珣","1213年－1224年","贞祐","1213年九月－1217年九月","5年",""
"金朝","金朝","金朝","金宣宗","完颜珣","1213年－1224年","兴定","1217年九月－1222年八月","6年",""
"金朝","金朝","金朝","金宣宗","完颜珣","1213年－1224年","元光","1222年八月－1223年","2年",""
"金朝","金朝","金朝","金哀宗","完颜守绪","1224年－1234年","正大","1224年－1231年","8年",""
"金朝","金朝","金朝","金哀宗","完颜守绪","1224年－1234年","开兴","1232年正月－四月","1年",""
"金朝","金朝","金朝","金哀宗","完颜守绪","1224年－1234年","天兴","1232年四月－1234年正月","3年",""
"金朝","金朝","金朝","金末帝","完颜承麟","1234年","盛昌","？","？","见于《纪元编》，以此作金末帝年号。"
"金朝","金朝","金朝统治地区其他势力","","熬罗孛极烈","","天兴","1147年","1年",""
"金朝","金朝","金朝统治地区其他势力","","？","","新德","？","？","宋朝边将讹言金主完颜亮死，幼主嗣位改元。"
"金朝","金朝","金朝统治地区其他势力","","完颜允文","","天统","？","？","见于《南迁录》，锺渊映认为是伪书所载不可信。"
"金朝","金朝","金朝统治地区其他势力","","？","","大庆","？","？","见《玉海》，按金朝无此年号。"
"金朝","金朝","金朝统治地区其他势力","","？","","太康","？","？","见《玉海》，按金朝无此年号。"
"金朝","金朝","金朝统治地区其他势力","","移剌窝斡","","天正","1161年十二月－1162年九月","10个月",""
"金朝","金朝","金朝统治地区其他势力","","耶律德寿","","身圣","1196年十月－十一月","2个月",""
"金朝","金朝","金朝统治地区其他势力","","耶律留哥","","天统","1213年三月－1216年","4年","《元史》作元统。据出土官印，实际作天统。"
"金朝","金朝","金朝统治地区其他势力","","刘永昌","","天赐","1214年","1年",""
"金朝","金朝","金朝统治地区其他势力","","杨安儿","","天顺","1214年五月－十二月","8个月",""
"金朝","金朝","金朝统治地区其他势力","","蒲鲜万奴","","天泰","1215年十月－1223年","9年",""
"金朝","金朝","金朝统治地区其他势力","","蒲鲜万奴","","大同","1224年－1233年九月","10年","文献未记载。1980年代在东北地区出土的蒲鲜万奴官印中有“大同”年款。"
"金朝","金朝","金朝统治地区其他势力","","张鲸","","大汉","1216年","1年","见于《圣武亲征录》。"
"金朝","金朝","金朝统治地区其他势力","","张致","","兴隆","1216年－1217年","2年","或作兴龙。"
"金朝","金朝","金朝统治地区其他势力","","郝定","","顺天","1216年","1年",""
"金朝","金朝","金朝统治地区其他势力","","耶律厮不","","天威","1216年","70余日","或作天成。"
"金朝","金朝","金朝统治地区其他势力","","乞奴","","天祐","？","？","见于《纪元编》，不详何时。"
"金朝","金朝","金朝统治地区其他势力","","金山","","天德","1216年－1217年","2年","或作天会、天成。"
"元朝","元朝","元朝","元世祖","忽必烈","1260年－1294年","中统","1260年五月－1264年八月","5年",""
"元朝","元朝","元朝","元世祖","忽必烈","1260年－1294年","至元","1264年八月－1294年","31年","至元三十一年（1294年）四月元成宗即位沿用。"
"元朝","元朝","元朝","元成宗","铁穆耳","1294年－1307年","元贞","1295年－1297年正月","3年",""
"元朝","元朝","元朝","元成宗","铁穆耳","1294年－1307年","大德","1297年二月－1307年","11年","大德十一年（1307年）五月元武宗即位沿用。"
"元朝","元朝","元朝","元武宗","海山","1307年－1311年","至大","1308年－1311年","4年","至大四年（1311年）三月元仁宗即位沿用。"
"元朝","元朝","元朝","元仁宗","爱育黎拔力八达","1311年－1320年","皇庆","1312年－1313年","2年",""
"元朝","元朝","元朝","元仁宗","爱育黎拔力八达","1311年－1320年","延祐","1314年正月－1320年","7年","延祐七年（1320年）三月元英宗即位沿用。"
"元朝","元朝","元朝","元英宗","硕德八剌","1320年－1323年","至治","1321年－1323年","3年","至治三年（1323年）九月元泰定帝即位沿用。"
"元朝","元朝","元朝","元泰定帝","也孙铁木儿","1323年－1328年","泰定","1324年－1328年二月","5年",""
"元朝","元朝","元朝","元泰定帝","也孙铁木儿","1323年－1328年","致和","1328年二月－九月","1年",""
"元朝","元朝","元朝","元天顺帝","阿剌吉八","1328年","天顺","1328年九月－十月","1年",""
"元朝","元朝","元朝","元文宗","图帖睦尔","1328年－1332年","天历","1328年九月－1330年五月","3年","天历二年（1329年）三月至八月传位给元明宗。"
"元朝","元朝","元朝","元文宗","图帖睦尔","1328年－1332年","至顺","1330年五月－1333年十月","4年","至顺三年（1332年）八月元文宗死，十月元宁宗即位沿用；十一月元宁宗死，四年（1333年）六月元惠宗即位沿用。"
"元朝","元朝","元朝","元惠宗","妥懽帖睦尔","1333年－1370年","元统","1333年十月－1335年十一月","3年",""
"元朝","元朝","元朝","元惠宗","妥懽帖睦尔","1333年－1370年","至元","1335年十一月－1340年","6年",""
"元朝","元朝","元朝","元惠宗","妥懽帖睦尔","1333年－1370年","至正","1341年－1370年","30年","至正三十年（1370年）四月元昭宗即位沿用。"
"元朝","元朝","北元","元昭宗","爱猷识理达腊","1370年－1378年","宣光","1371年－1378年","8年","宣光八年（1378年）四月元后主即位沿用。"
"元朝","元朝","北元","元后主","脱古思帖木儿","1378年－1388年","天元","1379年－1388年十月","10年",""
"元朝","元朝","元朝统治地区其他势力","","杜可用","","万乘","1280年四月","1个月",""
"元朝","元朝","元朝统治地区其他势力","","陈吊眼","","昌泰","1281年八月－十一月","4个月",""
"元朝","元朝","元朝统治地区其他势力","","林桂方、赵良钤","","延康","1283年三月","1个月","或作建康。"
"元朝","元朝","元朝统治地区其他势力","","黄华","","祥兴","1283年十月－1284年正月","2年","用南宋祥兴年号（五年－六年）。"
"元朝","元朝","元朝统治地区其他势力","","黎德、区将军","","？？","1284年九月","1个月","《招捕总录》记载建立年号，名称不明。"
"元朝","元朝","元朝统治地区其他势力","","杨镇龙","","安定","1289年二月－十月","9个月",""
"元朝","元朝","元朝统治地区其他势力","","陈空崖","","正治","1297年十月","1个月",""
"元朝","元朝","元朝统治地区其他势力","","陈庆安","","己巳","1328年五月","1个月","《元史·泰定帝纪》记载建立年号，名称不明。戴玄之《中国秘密宗教与秘密会社》云“陈庆安起兵，建国号，改元己巳”。"
"元朝","元朝","元朝统治地区其他势力","","朱光卿","","赤符","1337年正月－七月","7个月",""
"元朝","元朝","元朝统治地区其他势力","","周子旺","","正朔","1338年六月","1个月","《元史·顺帝纪》记载建立年号，名称不明。王清淮《中国邪教史》云“推举周子旺为周王，并改元正朔”。"
"元朝","元朝","元朝统治地区其他势力","","徐寿辉","","治平","1350年－1353年","4年","《玄宫之碑》有“岁庚寅，建元治平，国号宋”字样，改元治平在1350年。传世《统军元帅府印》有“治平四年月日”字样，使用至少有4年。"
"元朝","元朝","元朝统治地区其他势力","","徐寿辉","","太平","1354年－1356年","3年","传世《统军元帅之印》有“太平三年月日”字样，使用至少有3年。"
"元朝","元朝","元朝统治地区其他势力","","徐寿辉","","天启","1356年－1359年三月","4年","《纪元编》谓“一作治平”。《玄宫之碑》有“天启三年二月”字样，碑文后二年“宋主崩弑”即1260年，则天启三年为1258年，元年即1356年。"
"元朝","元朝","元朝统治地区其他势力","","徐寿辉","","天定","1359年四月－1360年闰五月","2年","有学者误作“大义”，有学者认为天定年号只能代表陈友谅政权，也有人认为是陈友谅政权的年号。《汪夫人地券》文称“维大宋天定元年己亥岁”，天定元年即1359年。"
"元朝","元朝","元朝统治地区其他势力","","赵普胜","","正朔","？","？","仅见于《纪元编》。"
"元朝","元朝","元朝统治地区其他势力","","张士诚","","天佑","1354年－1357年八月","4年","文献作天佑或天祐，有出土铜钱“天佑通宝”可证。"
"元朝","元朝","元朝统治地区其他势力","","韩林儿","","龙凤","1355年二月－1366年十二月","12年",""
"元朝","元朝","元朝统治地区其他势力","","韩林儿","","兴定","？","？","仅见于《涌幢小品》，锺渊映谓是金宣宗的年号。"
"元朝","元朝","元朝统治地区其他势力","","陈友谅","","大义","1360年闰五月－1363年八月","4年","或作1360年共1年。刘夏《刘尚宾文集·祷雨龙王文》署年“大义二年岁次辛丑”，康熙《沔阳州志》记载崇祯十四年（1641年）修城掘得旧砖，上有“大义三年”字样，使用至少有3年。"
"元朝","元朝","元朝统治地区其他势力","","陈友谅","","大定","？","？","《新元史》记载1361年改元，共3年。有学者认为是徐寿辉的天定年号的讹误。"
"元朝","元朝","元朝统治地区其他势力","","陈理","","德寿","1363年九月－1364年二月","2年",""
"元朝","元朝","元朝统治地区其他势力","","明玉珍","","天启","1361年十月－1362年","2年","明玉珍入蜀称王后奉行徐寿辉的天启年号（六年－七年）。"
"元朝","元朝","元朝统治地区其他势力","","明玉珍","","天统","1363年－1366年","4年","《新元史》作大统。天统四年（1366年）二月明升即位沿用。"
"元朝","元朝","元朝统治地区其他势力","","明升","","开熙","1367年－1371年六月","5年",""
"元朝","元朝","元朝统治地区其他势力","","朱元璋","","甲辰","？","？","有学者认为，朱元璋在韩宋龙凤十年（1364年）起在新征服的江西、湖广一带使用“甲辰”纪年，核心统治区依旧使用龙凤年号。"
"元朝","元朝","元朝统治地区其他势力","","朱元璋","","吴元","？","？","该年号只见于俞本《纪事录》，从元朝至正二十七年（1367年）改元，历2年。但明代史料记载以国号纪年，称吴元年。"
"元朝","元朝","元朝统治地区其他势力","","把匝剌瓦尔密","","宣光","？","？","倪蜕《滇云历年传》记载把匝于至正二十七年（1367年）自立为梁王，改元宣光，但根据云南出土文物的纪年，实际是奉北元宣光年号。"
"明朝","明朝","明朝","明太祖","朱元璋","1368年－1398年","洪武","1368年－1398年","31年","洪武三十一年（1398年）闰五月明惠宗即位沿用。"
"明朝","明朝","明朝","明惠宗","朱允炆","1398年－1402年","建文","1399年－1402年","4年","建文四年（1402年）六月明成祖即位，废除建文年号，复用明太祖年号（洪武三十五年）。"
"明朝","明朝","明朝","明成祖","朱棣","1402年－1424年","永乐","1403年－1424年","22年","永乐二十二年（1424年）八月明仁宗即位沿用。"
"明朝","明朝","明朝","明仁宗","朱高炽","1424年－1425年","洪熙","1425年","1年","洪熙元年（1425年）六月明宣宗即位沿用。"
"明朝","明朝","明朝","明宣宗","朱瞻基","1425年－1435年","宣德","1426年－1435年","10年","宣德十年（1435年）正月明英宗即位沿用。"
"明朝","明朝","明朝","明英宗","朱祁镇","1435年－1449年","正统","1436年－1449年","14年","正统十四年（1449年）九月明代宗即位沿用。"
"明朝","明朝","明朝","明代宗","朱祁钰","1449年－1457年","景泰","1450年－1457年正月","8年","景泰八年（1457年）正月明英宗夺门之变后随即改元。"
"明朝","明朝","明朝","明英宗","朱祁镇","1457年－1464年","天顺","1457年正月－1464年","8年","天顺八年（1464年）正月明宪宗即位沿用。"
"明朝","明朝","明朝","明宪宗","朱见深","1464年－1487年","成化","1465年－1487年","23年","成化二十三年（1487年）九月明孝宗即位沿用。"
"明朝","明朝","明朝","明孝宗","朱祐樘","1487年－1505年","弘治","1488年－1505年","18年","弘治十八年（1505年）五月明武宗即位沿用。"
"明朝","明朝","明朝","明武宗","朱厚照","1505年－1521年","正德","1506年－1521年","16年","正德十六年（1521年）四月明世宗即位沿用。"
"明朝","明朝","明朝","明世宗","朱厚熜","1521年－1566年","嘉靖","1522年－1566年","45年","嘉靖四十五年（1566年）十二月明穆宗即位沿用。"
"明朝","明朝","明朝","明穆宗","朱载坖","1567年－1572年","隆庆","1567年－1572年","6年","隆庆六年（1572年）六月明神宗即位沿用。"
"明朝","明朝","明朝","明神宗","朱祤钧","1572年－1620年","万历","1573年－1620年九月","48年","万历四十八年（1620年）八月明光宗即位沿用。"
"明朝","明朝","明朝","明光宗","朱常洛","1620年","泰昌","1620年九月－十二月","1年","预定于辛酉年（1621年）改元，但明光宗即位1个月猝死，未及改元。万历四十八年九月明熹宗即位，启用泰昌年号，从八月开始追述。"
"明朝","明朝","明朝","明熹宗","朱由校","1620年－1627年","天启","1621年－1627年","7年","天启七年（1627年）八月明思宗即位沿用。"
"明朝","明朝","明朝","明思宗","朱由检","1627年－1644年","崇祯","1628年－1644年","17年","崇祯十七年（1644年）三月明思宗自杀殉国，五月明安宗即位沿用。"
"明朝","明朝","明朝统治地区其他势力","","彭玉琳","","天定","1386年四月或五月","1个月",""
"明朝","明朝","明朝统治地区其他势力","","田九成","","龙凤","1397年正月－九月","9个月",""
"明朝","明朝","明朝统治地区其他势力","","范玉","","永宁","1419年－1420年四月","2年","越南史书均无载，见《明史·安南传》及《明实录》。"
"明朝","明朝","明朝统治地区其他势力","","黎饿","","永天","1420年","1年","见《大越史记全书》，越南有“永天通宝”铜钱传世。"
"明朝","明朝","明朝统治地区其他势力","","明本","","涌安","1430年正月","1个月",""
"明朝","明朝","明朝统治地区其他势力","","陈鉴胡","","泰定","1448年－1449年六月","2年",""
"明朝","明朝","明朝统治地区其他势力","","黄萧养","","东阳","1449年九月－1450年五月","2年",""
"明朝","明朝","明朝统治地区其他势力","","朱徽煠","","玄武","1451年八月","1个月","又作玄元或𢆯武。"
"明朝","明朝","明朝统治地区其他势力","","也先","","添元","1453年－1454年","2年","李崇智推测该年号可能是来自音译，为求回避故而译作“添元”。"
"明朝","明朝","明朝统治地区其他势力","","李珍","","天顺","1456年六月","1个月",""
"明朝","明朝","明朝统治地区其他势力","","王斌","","天绣","1457年正月","1个月",""
"明朝","明朝","明朝统治地区其他势力","","李添保","","武烈","1460年","1年",""
"明朝","明朝","明朝统治地区其他势力","","李真、宋普贵","","？？","1462年","1年","《明实录》记载建立年号，名称不明。"
"明朝","明朝","明朝统治地区其他势力","","刘通","","德胜","1465年－1466年闰三月","2年",""
"明朝","明朝","明朝统治地区其他势力","","曹甫","","明正","？","？","起讫时间不明，约在正德年间。"
"明朝","明朝","明朝统治地区其他势力","","朱宸濠","","顺德","预定1519年启用","无","未改元，称“己卯年”。"
"明朝","明朝","明朝统治地区其他势力","","段𬬮","","大顺平定","？","？","或作平定，约在正德年间。"
"明朝","明朝","明朝统治地区其他势力","","樊绅","","大中天武","1525年八月－九月","2个月","见杨一清《关中奏议》。"
"明朝","明朝","明朝统治地区其他势力","","田斌","","天渊","1546年","1年","约在嘉靖年间。"
"明朝","明朝","明朝统治地区其他势力","","张琏","","造历","？","？","李崇智认为这是指改年号，造历法，不是年号。"
"明朝","明朝","明朝统治地区其他势力","","张琏","","龙飞","？","？","李崇智认为“龙飞”为印文“飞龙”之误，不是年号。"
"明朝","明朝","明朝统治地区其他势力","","马相","","圆明大宝","？","？","嘉靖年间有保定白莲教徒马相，无年号记载。"
"明朝","明朝","明朝统治地区其他势力","","蔡伯贯","","大宝","1565年十二月－1566年正月","36日",""
"明朝","明朝","明朝统治地区其他势力","","僧省悟","","弘闰","1582年","1年","见瞿九思《万历武功录》，《纪元韵叙》作宏闰。"
"明朝","明朝","明朝统治地区其他势力","","李新","","弘武","1619年四月","1个月","见《明实录》，《明通鉴》作洪武。"
"明朝","明朝","明朝统治地区其他势力","","李文","","天真混","1619年十二月","1个月","见《明实录》，查继佐《罪惟录》作真混。"
"明朝","明朝","明朝统治地区其他势力","","奢崇明","","瑞应","1621年九月－1629年八月","9年","《崇祯长编》作应顺。"
"明朝","明朝","明朝统治地区其他势力","","刘应选","","中元","1621年十二月","1个月","见朱燮元《督蜀疏草》。"
"明朝","明朝","明朝统治地区其他势力","","徐鸿儒","","大成兴胜","1622年五月－十月","6个月","又作大乘兴胜、大成兴盛、兴胜、大乘兴盛。"
"明朝","明朝","明朝统治地区其他势力","","郑振明","","一统","预定1622年十一月启用","无","见于《明熹宗七年都察院实录》。"
"明朝","明朝","明朝统治地区其他势力","","万俟德","","玄静","1622年","1年","清朝避讳作元静或𢆯静。"
"明朝","明朝","明朝统治地区其他势力","","杨桓、杨从儒","","懿德","1624年九月","1个月","见《阜阳县志》。"
"明朝","明朝","明朝统治地区其他势力","","？","","宽和","1625年三月","1个月","巡抚浙江王洽奏报浙江外洋劫贼所使用的年号。"
"明朝","明朝","明朝统治地区其他势力","","张惟元","","永兴","1628年","1年",""
"明朝","明朝","明朝统治地区其他势力","","李盛明","","灵宝","1629年十一月","1个月","见《阜阳县志》。"
"明朝","明朝","明朝统治地区其他势力","","高迎祥","","兴武","1635年－1636年七月","2年",""
"明朝","明朝","明朝统治地区其他势力","","张普薇","","天运","1637年","1年",""
"明朝","明朝","明朝统治地区其他势力","","张献忠","","天令","1642年八月","？","《明季北略》记载建立年号，名称不明。无名氏《鹃客随笔》作“天令”。"
"明朝","明朝","明朝统治地区其他势力","","张献忠","","义武","？","？","或是高迎祥年号“兴武”之误。"
"明朝","明朝","明朝统治地区其他势力","","张献忠","","大顺","1644年十一月－1646年十一月","3年","或作义武。"
"明朝","明朝","明朝统治地区其他势力","","李自成","","永昌","1644年－1645年五月","2年",""
"明朝","明朝","明朝统治地区其他势力","","朱慈烺","","义兴","？","？","民间声称甲申年（1644年）四月朱慈烺继位后使用的年号。"
"明朝","明朝","明朝统治地区其他势力","","朱慈炯","","乾定","？","？","民间声称甲申之变北京立定王朱慈炯为帝，纪元乾定。"
"明朝","南明","南明","明安宗","朱由崧","1644年－1645年","弘光","1645年正月－闰六月","1年","弘光元年（1645年）五月明安宗被俘，闰六月明绍宗即位沿用；七月朱以海为监国，沿用至元年十二月。"
"明朝","南明","南明","明绍宗","朱聿键","1645年－1646年","隆武","1645年七月－1646年","2年","隆武二年（1646年）八月明绍宗被俘，十一月绍武帝、明昭宗即位沿用。"
"明朝","南明","南明","明昭宗","朱由榔","1646年－1662年","永历","1647年－1661年","15年","永历十五年（1661年）十二月明昭宗被俘。明郑仍行明永历年号。"
"明朝","南明","明郑","潮武王","郑成功","1655年－1662年","永历","1648年－1662年五月","15年","用南明永历年号（二年－十六年）。为台湾地区使用年号之始。"
"明朝","南明","明郑","潮文王","郑经","1662年－1681年","永历","1662年五月－1681年正月","20年","用南明永历年号（十六年－三十五年）。"
"明朝","南明","明郑","郑克塽","","1681年－1683年","永历","1681年二月－1683年八月","3年","用南明永历年号（三十五年－三十七年）。"
"明朝","南明","南明统治地区其他势力","","刘公显","","大升","1645年六月－十月","5个月","《揭阳县志》记载“伪号后汉，僭称大升”。"
"明朝","南明","南明统治地区其他势力","","朱亨嘉","","兴业","1645年八月","1个月","见于钱海岳《南明史》。雷亮功《桂林田海记》记载用洪武纪年，称“洪武二百八十七年”。"
"明朝","南明","南明统治地区其他势力","","朱常瀛","","兴隆","？","？","见于无名氏《珠江偶录》。"
"明朝","南明","南明统治地区其他势力","","朱以海","","庚寅","？","？","见于吴少保《穉山文集》。据明代史料，鲁王朱以海在弘光元年（1645年）七月自称监国，以丙戌年（1646年）为监国鲁元年。"
"明朝","南明","南明统治地区其他势力","","？","","定武","1646年－1663年","18年","存在与否有争议。"
"明朝","南明","南明统治地区其他势力","","朱聿𨮁","","绍武","预定1647年启用","无","预定于明年改元，但隆武二年（1646年）十二月绍武帝已被俘。"
"明朝","南明","南明统治地区其他势力","","朱常清","","东武","1648年正月－十月","1年",""
"清朝","清朝","后金","努尔哈赤","","1616年－1626年","天命","1616年－1626年","11年","天命十一年（1626年）九月清太宗即位沿用。蔡美彪认为后金只使用汗号纪年，实际并无年号。"
"清朝","清朝","后金","皇太极","","1626年－1643年","天聪","1627年－1636年三月","10年","蔡美彪认为后金只使用汗号纪年，实际并无年号。"
"清朝","清朝","清朝","清太宗","皇太极","1626年－1643年","崇德","1636年四月－1643年","8年","崇德八年（1643年）八月清世祖即位沿用。"
"清朝","清朝","清朝","清世祖","福临","1643年－1661年","顺治","1644年－1661年","18年","顺治十八年（1661年）正月清圣祖即位沿用。"
"清朝","清朝","清朝","清圣祖","玄烨","1661年－1722年","康熙","1662年－1722年","61年","康熙六十一年（1722年）十一月清世宗即位沿用。"
"清朝","清朝","清朝","清世宗","胤禛","1722年－1735年","雍正","1723年－1735年","13年","雍正十三年（1735年）九月清高宗即位沿用。"
"清朝","清朝","清朝","清高宗","弘历","1735年－1796年","乾隆","1736年－1795年","60年","乾隆帝退位后，紫禁城内部历书仍用乾隆年号，称六十一年至六十四年。"
"清朝","清朝","清朝","清仁宗","颙琰","1796年－1820年","嘉庆","1796年－1820年","25年","嘉庆二十五年（1820年）八月清宣宗即位沿用。"
"清朝","清朝","清朝","清宣宗","旻宁","1820年－1850年","道光","1821年－1850年","30年","道光三十年（1850年）正月清文宗即位沿用。"
"清朝","清朝","清朝","清文宗","奕𬣞","1850年－1861年","咸丰","1851年－1861年","11年","咸丰十一年（1861年）十月清穆宗即位沿用。"
"清朝","清朝","清朝","清穆宗","载淳","1861年－1875年","祺祥","原定","原定壬戌年（1862年）启用，辛酉政变以后弃用，改以“同治”取代。","咸丰十一年（1861年）十月清穆宗即位沿用。"
"清朝","清朝","清朝","清穆宗","载淳","1861年－1875年","同治","1862年－1874年","13年",""
"清朝","清朝","清朝","清德宗","载湉","1875年－1908年","光绪","1875年－1908年","34年","光绪三十四年（1908年）十月清逊帝即位沿用。"
"清朝","清朝","清朝","清逊帝","溥仪","1908年－1911年","宣统","1909年－1911年","3年","宣统三年十二月二十五日（西历1912年2月12日），隆裕太后颁布《宣统帝退位诏书》，溥仪退位，清朝结束。"
"清朝","清朝","清朝统治地区其他势力","","秦尚行","","重兴","1644年九月－十二月","4个月",""
"清朝","清朝","清朝统治地区其他势力","","刘守分","","天定","1644年九月","1个月",""
"清朝","清朝","清朝统治地区其他势力","","宫文彩","","永昌","1644年九月－1645年六月","2年","奉李自成永昌年号（元年－二年）。"
"清朝","清朝","清朝统治地区其他势力","","胡守龙","","清光","1645年六月","1个月",""
"清朝","清朝","清朝统治地区其他势力","","蒋尔恂","","中兴","1647年","1年",""
"清朝","清朝","清朝统治地区其他势力","","王光代","","永历","1647年六月－七月","2个月","用南明永历年号（元年）。"
"清朝","清朝","清朝统治地区其他势力","","张华山","","隆武","1647年九月","1个月","用南明隆武年号（三年）。"
"清朝","清朝","清朝统治地区其他势力","","郭应铨","","永历","1647年十二月","1个月","用南明永历年号（元年）。"
"清朝","清朝","清朝统治地区其他势力","","孙可望","","兴朝","？","？","李崇智认为是兴朝通宝的钱号。"
"清朝","清朝","清朝统治地区其他势力","","金声桓","","隆武","1648年二月－1649年正月","2年","用南明隆武年号（四年－五年）。"
"清朝","清朝","清朝统治地区其他势力","","朱鸿基","","天正","1648年五月－九月","5个月","山东榆园军的年号。"
"清朝","清朝","清朝统治地区其他势力","","虞胤","","永历","1649年八月","1个月","用南明永历年号（三年）。"
"清朝","清朝","清朝统治地区其他势力","","张氏","","圣母","1656年十月","1个月","李世熊《寇变纪》记载赖子明之妻张氏据董家岭反清，“改元为圣母元年”。"
"清朝","清朝","清朝统治地区其他势力","","萧惟堂","","天顺","1661年","1年",""
"清朝","清朝","清朝统治地区其他势力","","王耀祖","","大庆","1665年四月","1个月",""
"清朝","清朝","清朝统治地区其他势力","","杨起隆","","广德","1673年十二月","1个月","一作终于1680年。《清实录》记载康熙十二年（1673年）十二月起兵旋败，后七年被捕。"
"清朝","清朝","清朝统治地区其他势力","","吴三桂","","周启","？","？","该年号只见于《华夷变态》，从清朝康熙十三年（1674年）改元。但清代史料记载以国号纪年，称周元年。萧一山《清代通史》作周咨。"
"清朝","清朝","清朝统治地区其他势力","","吴三桂","","昭武","1678年三月－十二月","1年","昭武元年（1678年）十一月吴世璠即位沿用。"
"清朝","清朝","清朝统治地区其他势力","","吴三桂","","利用","？","？","李崇智认为是钱号不是年号。"
"清朝","清朝","清朝统治地区其他势力","","吴世璠","","洪化","1679年－1681年十月","3年",""
"清朝","清朝","清朝统治地区其他势力","","耿精忠","","裕民","？","？","李崇智认为是耿精忠私铸钱“裕民通宝”的钱号。"
"清朝","清朝","清朝统治地区其他势力","","魏枝叶","","文兴","1704年－1706年九月","3年",""
"清朝","清朝","清朝统治地区其他势力","","李天极、朱六非","","元兴","？","？","见于谢国桢《南明史略》，李崇智认为是魏枝叶文兴年号之误。"
"清朝","清朝","清朝统治地区其他势力","","钱宝通","","永兴","1708年冬季","1年",""
"清朝","清朝","清朝统治地区其他势力","","张念一","","天德","1708年","1年",""
"清朝","清朝","清朝统治地区其他势力","","朱一贵","","永和","1721年五月－闰六月","2个月",""
"清朝","清朝","清朝统治地区其他势力","","严金龙","","天运","1771年十月","1个月","纪年书“天运辛卯年十月十四日”。"
"清朝","清朝","清朝统治地区其他势力","","林爽文","","天运","1786年十一月","2个月",""
"清朝","清朝","清朝统治地区其他势力","","林爽文","","顺天","1787年－1788年正月","2年",""
"清朝","清朝","清朝统治地区其他势力","","陈周全","","天运","1795年三月","1个月",""
"清朝","清朝","清朝统治地区其他势力","","聂杰人、张正谟","","天运","1796年正月－八月","8个月","湖北宜都、枝江白莲教徒使用的年号。"
"清朝","清朝","清朝统治地区其他势力","","林之华、覃加耀","","天运","1796年二月－1798年正月","3年","见《军机处录副奏折》覃加耀供词，云“伪立天运年号”。"
"清朝","清朝","清朝统治地区其他势力","","王聪儿","","万利","1796年三月－1798年二月","3年","见石韫玉《拟平邪教折》，云“造万利纪年之伪号”。"
"清朝","清朝","清朝统治地区其他势力","","王囊仙","","仙大","1797年正月－八月","8个月","见《剿捕档》韦朝元供词。"
"清朝","清朝","清朝统治地区其他势力","","韦朝元","","天顺","1797年正月－八月","8个月","见《剿捕档》韦朝元供词。"
"清朝","清朝","清朝统治地区其他势力","","黎树","","万利","1797年","1年","一作大庆。"
"清朝","清朝","清朝统治地区其他势力","","王大叔","","大庆","1797年二月","1个月",""
"清朝","清朝","清朝统治地区其他势力","","蔡牵","","光明","1805年四月－1809年八月","5年","见于《台湾通史》。"
"清朝","清朝","清朝统治地区其他势力","","陈纪传","","天运","1811年","1年","见《照抄陈纪传花帖》，云“天运元年辛月未日”。"
"清朝","清朝","清朝统治地区其他势力","","李文成","","顺天","1813年九月－十一月","3个月","见《军机处录副奏折》林清供单，云“顺天元年十月二十日”。"
"清朝","清朝","清朝统治地区其他势力","","朱毛俚","","晏朝","1814年","1年",""
"清朝","清朝","清朝统治地区其他势力","","马进忠","","天心顺","1823年十月－十一月","2个月","见《军机处录副奏折》马万良供词。"
"清朝","清朝","清朝统治地区其他势力","","杨良斌","","天运","？","？","见李纯青《台湾问题研究》。"
"清朝","清朝","清朝统治地区其他势力","","赵金龙","","金龙","1832年","5个月","道光十一年（1831年）十二月起兵，自称金龙王，隔年四月被镇压。"
"清朝","清朝","清朝统治地区其他势力","","张丙、许成","","天运","1832年十月－十二月","3个月",""
"清朝","清朝","清朝统治地区其他势力","","黄城","","大明主","1832年十月－十二月","3个月","见丁曰健《治台必告录》。一说奉故明正朔“永历”年号。"
"清朝","清朝","清朝统治地区其他势力","","梁办、吴扁、陈委","","顺天","1832年十月－十二月","3个月","见沈汝瀚《除氛录》。"
"清朝","清朝","清朝统治地区其他势力","","刘仲、蔡恭","","奉天","1832年十月－十二月","3个月","见沈汝瀚《除氛录》。"
"清朝","清朝","清朝统治地区其他势力","","蓝正樽","","刚健","1836年二月","1个月","见《宝庆府志》。"
"清朝","清朝","清朝统治地区其他势力","","洪秀全","","天德","？","？","《清史稿》载咸丰元年（1851年）闰八月洪秀全建立太平天国，自称天王，建元天德。但太平天国史料记载以国号加干支纪年，称太平天国辛开元年。"
"清朝","清朝","清朝统治地区其他势力","","彭运洪","","洪顺","1852年春季","1个月","《桂阳直隶州志》为彭运洪年号，翦伯赞《中外历史年表》作李明先年号。"
"清朝","清朝","清朝统治地区其他势力","","黄德美","","天德","1853年四月－十月","7个月","罗尔纲《太平天国史》为黄德美年号，李崇智作黄威年号。起义布告称“天德癸丑年”。小刀会其他支派也有用此年号。"
"清朝","清朝","清朝统治地区其他势力","","林恭","","天德","1853年四月－七月","4个月","见《台湾省通志稿》第9卷。一作大德。"
"清朝","清朝","清朝统治地区其他势力","","刘丽川","","天运","1853年八月","1个月","起义布告称“天运元年”。"
"清朝","清朝","清朝统治地区其他势力","","林万青","","天德","1853年十月","1年","起义布告称“天德叁年癸丑”。"
"清朝","清朝","清朝统治地区其他势力","","陈开","","嗣统","1854年","1年","起义文告称“嗣统元年闰（七）月初三日”。"
"清朝","清朝","清朝统治地区其他势力","","陈开","","大宁","？","？","《南海县志》记载“咸丰四年三月，倡乱佛山，伪号大宁”，但根据陈开的文告，并未用大宁年号，而是称“太平甲寅年”。"
"清朝","清朝","清朝统治地区其他势力","","陈开","","洪德","1855年八月－1864年四月","10年","洪德七年（1861年）七月陈开被执杀，黄鼎凤继续使用至十年四月。"
"清朝","清朝","清朝统治地区其他势力","","杨龙喜","","江汉","1854八月－1855年三月","2年","一作姜汉，误。"
"清朝","清朝","清朝统治地区其他势力","","朱洪英、胡有禄","","太平天德","1854年－1856年","3年","太平天国四年（1854年）九月建立升平天国，改元太平天德。"
"清朝","清朝","清朝统治地区其他势力","","邝经全至","","天运","1854年","1年","见光绪《香山县志》及赵沅英《红兵纪事》，谓咸丰四年（1854年）时香山县人邝经全至自称天运王，“改元天运”。"
"清朝","清朝","清朝统治地区其他势力","","赵邦璧","","新民","1855年九月－1856年十一月","2年","咸丰五年（1855年），随州人赵邦璧在大洪山反清，建国后宋，建元新民。"
"清朝","清朝","清朝统治地区其他势力","","杜文秀","","全福","？","？","见于李玉振《滇事述闻》。"
"清朝","清朝","清朝统治地区其他势力","","朱明月","","江汉","1859年－1864年春","6年","用杨龙喜江汉年号（六年－十一年）。《军机处录副奏折》刘汉忠供词记载“建元天运”。"
"清朝","清朝","清朝统治地区其他势力","","朱明月","","嗣统","1864年春－1868年三月","5年",""
"清朝","清朝","清朝统治地区其他势力","","朱明月","","华汉","？","？","见于杨宗瀛《都濡备乘》。"
"清朝","清朝","清朝统治地区其他势力","","李永和","","顺天","1860年正月－1865年四月","6年","顺天三年（1862年）九月李永和被俘杀，蓝朝柱继续使用至五年二月，曹灿章使用至六年四月。"
"清朝","清朝","清朝统治地区其他势力","","宋继鹏","","天纵","1860年－1863年七月","4年",""
"清朝","清朝","清朝统治地区其他势力","","黄正伦","","天明","1861年二月","1个月","见《松滋县志》。"
"清朝","清朝","清朝统治地区其他势力","","王守清","","喜春","1862年闰八月","1个月","见《肥乡县志》。"
"清朝","清朝","清朝统治地区其他势力","","汤教合","","天运","1862年十二月","1个月","见《军机处录副奏折》巴扬阿奏折，称搜出不法经卷，上书“天运元年”字样。"
"清朝","清朝","清朝统治地区其他势力","","穆生华","","崇祯","1863年八月","1年","用明朝崇祯年号。"
"清朝","清朝","清朝统治地区其他势力","","穆生华","","成正","1863年","？","穆生华在平凉建立“成正国”，改同治二年为成正元年，遥尊马化龙为最高首领。但马化龙拒绝接受拥戴，只得取消。"
"清朝","清朝","清朝统治地区其他势力","","唐景崧、刘永福","","永清","1895年五月－九月","5个月","台湾民主国的年号。"
"清朝","清朝","清朝统治地区其他势力","","朱红灯","","天龙","？","？","见于李增平《中国近代史》。蒋楷《平原拳匪纪事》记载是朱红灯的名号。"
"清朝","清朝","清朝统治地区其他势力","","溥儁","","保庆","？","？","张誉《啬翁自订年谱》作“普庆”。民间流传废黜光绪帝之后将于庚子年（1900年）启用的年号。"
"清朝","清朝","清朝统治地区其他势力","","大开、陈魁鳌","","兴洪","1905年九月","1个月","见陶成章《浙案纪略》，谓建号神乐王，改元兴洪。"
"清朝","清朝","清朝统治地区其他势力","","龚春台","","汉德","1906年十月","？","《中华国民军起义檄文》称“黄帝纪元四千六百零四年岁次丙午”。"
"中华民国","中华民国","中华民国时期的中国君主政权","","哲布尊丹巴八世","","共戴","1911年12月－1915年6月1921年2月－1924年11月","9年","哲布尊丹巴在库伦称帝，建立大蒙古国，以共戴为年号。"
"中华民国","中华民国","中华民国时期的中国君主政权","","？","","大汉民国","1912年－？","？","又作“大汉”，是辛亥革命以后，贵州民间使用的年号纪年。"
"中华民国","中华民国","中华民国时期的中国君主政权","","？","","中华湘国","1913年","1年","1913年湖南宣布独立，民间曾出版《熊氏族谱》，署年“中华湘国元年癸丑岁”。"
"中华民国","中华民国","中华民国时期的中国君主政权","","袁世凯","","洪宪","1916年1月－3月","82日","民国4年（1915年）12月12日中华民国大总统袁世凯称帝，国号为“中华帝国”，隔年建元“洪宪”；民国5年（1916年）3月22日取消称帝，恢复民国。"
"中华民国","中华民国","中华民国时期的中国君主政权","","吕光","","宣统","1916年2月－1917年5月","2年","民国5年（1916年）2月在青海保安起事，用清朝宣统年号（八年－九年）。"
"中华民国","中华民国","中华民国时期的中国君主政权","","察都·若巴","","通治","1917年4月－8月","5个月","荣孟源《中国历史纪年》作通志。"
"中华民国","中华民国","中华民国时期的中国君主政权","","溥仪","","宣统","1917年","12日","民国6年（1917年）7月1日张勋复辟，宣布改民国六年为宣统九年，同月12日取消复辟。"
"中华民国","中华民国","中华民国时期的中国君主政权","","聂真娃","","和兴","1921年","1年","民国10年（1921年）初在湖北咸丰称帝，国号大齐。"
"中华民国","中华民国","中华民国时期的中国君主政权","","袁书生","","天齐","1921年","1年","民国10年（1921年）初四川磨刀溪哥老会会首袁书生等人借神兵起事，建号天齐元年。北京《益世报》作“天国元年”。"
"中华民国","中华民国","中华民国时期的中国君主政权","","韩欲明","","天佑","1926年－1928年","3年","一作灵宝、天祐。民国15年（1926年）2月27日在河南林县称帝，建元天佑。"
"中华民国","中华民国","中华民国时期的中国君主政权","","马士伟","","熙顺","1929年2月－8月","7个月","一作天运。民国18年（1929年）2月2日在山东长山称帝，国号“新明国”，8月7日被山东省主席陈调元剿灭。"
"中华民国","中华民国","中华民国时期的中国君主政权","","薛干臣","","大同","1929年4月","10余日","民国18年（1929年）4月12日苏北宿迁三县小刀会共同使用的年号。"
"中华民国","中华民国","中华民国时期的中国君主政权","","溥仪","","大同","1932年3月－1934年2月","3年","日本扶持溥仪担任满洲国执政时使用。"
"中华民国","中华民国","中华民国时期的中国君主政权","","溥仪","","康德","1934年3月－1945年8月","12年","溥仪担任满洲帝国皇帝时使用，日本战败后满洲国随即终止。"
